vlookup,row,raw_unit,source_unit,source_type,source_eng,source_chs,target_unit,target_type,target_eng,target_chs,sourcePar1_mw,sourcePar2,sourcePar3,derivePar1,derivePar2,derivePar3,derivePar4,ConversionFactors,ConversionFunction,test_input,test_output1,test_output2
kg_kg,1,kg,kg,质量,kilogram,千克,kg,质量,kilogram,千克,mw,,,,*10^,0,*10^0,1*10^0,source_unit*10^0,,,
g_kg,2,,g,质量,gram,克,kg,质量,kilogram,千克,mw,,,,*10^,-3,*10^-3,1*10^-3,source_unit*10^-3,,,
mg_kg,3,,mg,质量,milligram,毫克,kg,质量,kilogram,千克,mw,,,,*10^,-6,*10^-6,1*10^-6,source_unit*10^-6,,,
ug_kg,4,,ug,质量,microgram,微克,kg,质量,kilogram,千克,mw,,,,*10^,-9,*10^-9,1*10^-9,source_unit*10^-9,,,
ng_kg,5,,ng,质量,nanogram,纳克,kg,质量,kilogram,千克,mw,,,,*10^,-12,*10^-12,1*10^-12,source_unit*10^-12,,,
pg_kg,6,,pg,质量,picogram,皮克,kg,质量,kilogram,千克,mw,,,,*10^,-15,*10^-15,1*10^-15,source_unit*10^-15,,,
fg_kg,7,,fg,质量,femtogram,飞克,kg,质量,kilogram,千克,mw,,,,*10^,-18,*10^-18,1*10^-18,source_unit*10^-18,,,
ag_kg,8,,ag,质量,attogram,阿克,kg,质量,kilogram,千克,mw,,,,*10^,-21,*10^-21,1*10^-21,source_unit*10^-21,,,
zg_kg,9,,zg,质量,zeptogram,仄克,kg,质量,kilogram,千克,mw,,,,*10^,-24,*10^-24,1*10^-24,source_unit*10^-24,,,
yg_kg,10,,yg,质量,yoctogram,幺克,kg,质量,kilogram,千克,mw,,,,*10^,-27,*10^-27,1*10^-27,source_unit*10^-27,,,
kg_g,11,,kg,质量,kilogram,千克,g,质量,gram,克,mw,,,,*10^,3,*10^3,1*10^3,source_unit*10^3,,,
g_g,12,,g,质量,gram,克,g,质量,gram,克,mw,,,,*10^,0,*10^0,1*10^0,source_unit*10^0,,,
mg_g,13,,mg,质量,milligram,毫克,g,质量,gram,克,mw,,,,*10^,-3,*10^-3,1*10^-3,source_unit*10^-3,,,
ug_g,14,,ug,质量,microgram,微克,g,质量,gram,克,mw,,,,*10^,-6,*10^-6,1*10^-6,source_unit*10^-6,,,
ng_g,15,,ng,质量,nanogram,纳克,g,质量,gram,克,mw,,,,*10^,-9,*10^-9,1*10^-9,source_unit*10^-9,,,
pg_g,16,,pg,质量,picogram,皮克,g,质量,gram,克,mw,,,,*10^,-12,*10^-12,1*10^-12,source_unit*10^-12,,,
fg_g,17,,fg,质量,femtogram,飞克,g,质量,gram,克,mw,,,,*10^,-15,*10^-15,1*10^-15,source_unit*10^-15,,,
ag_g,18,,ag,质量,attogram,阿克,g,质量,gram,克,mw,,,,*10^,-18,*10^-18,1*10^-18,source_unit*10^-18,,,
zg_g,19,,zg,质量,zeptogram,仄克,g,质量,gram,克,mw,,,,*10^,-21,*10^-21,1*10^-21,source_unit*10^-21,,,
yg_g,20,,yg,质量,yoctogram,幺克,g,质量,gram,克,mw,,,,*10^,-24,*10^-24,1*10^-24,source_unit*10^-24,,,
kg_mg,21,,kg,质量,kilogram,千克,mg,质量,milligram,毫克,mw,,,,*10^,6,*10^6,1*10^6,source_unit*10^6,,,
g_mg,22,,g,质量,gram,克,mg,质量,milligram,毫克,mw,,,,*10^,3,*10^3,1*10^3,source_unit*10^3,,,
mg_mg,23,,mg,质量,milligram,毫克,mg,质量,milligram,毫克,mw,,,,*10^,0,*10^0,1*10^0,source_unit*10^0,,,
ug_mg,24,,ug,质量,microgram,微克,mg,质量,milligram,毫克,mw,,,,*10^,-3,*10^-3,1*10^-3,source_unit*10^-3,,,
ng_mg,25,,ng,质量,nanogram,纳克,mg,质量,milligram,毫克,mw,,,,*10^,-6,*10^-6,1*10^-6,source_unit*10^-6,,,
pg_mg,26,,pg,质量,picogram,皮克,mg,质量,milligram,毫克,mw,,,,*10^,-9,*10^-9,1*10^-9,source_unit*10^-9,,,
fg_mg,27,,fg,质量,femtogram,飞克,mg,质量,milligram,毫克,mw,,,,*10^,-12,*10^-12,1*10^-12,source_unit*10^-12,,,
ag_mg,28,,ag,质量,attogram,阿克,mg,质量,milligram,毫克,mw,,,,*10^,-15,*10^-15,1*10^-15,source_unit*10^-15,,,
zg_mg,29,,zg,质量,zeptogram,仄克,mg,质量,milligram,毫克,mw,,,,*10^,-18,*10^-18,1*10^-18,source_unit*10^-18,,,
yg_mg,30,,yg,质量,yoctogram,幺克,mg,质量,milligram,毫克,mw,,,,*10^,-21,*10^-21,1*10^-21,source_unit*10^-21,,,
kg_ug,31,,kg,质量,kilogram,千克,ug,质量,microgram,微克,mw,,,,*10^,9,*10^9,1*10^9,source_unit*10^9,,,
g_ug,32,,g,质量,gram,克,ug,质量,microgram,微克,mw,,,,*10^,6,*10^6,1*10^6,source_unit*10^6,,,
mg_ug,33,,mg,质量,milligram,毫克,ug,质量,microgram,微克,mw,,,,*10^,3,*10^3,1*10^3,source_unit*10^3,,,
ug_ug,34,,ug,质量,microgram,微克,ug,质量,microgram,微克,mw,,,,*10^,0,*10^0,1*10^0,source_unit*10^0,,,
ng_ug,35,,ng,质量,nanogram,纳克,ug,质量,microgram,微克,mw,,,,*10^,-3,*10^-3,1*10^-3,source_unit*10^-3,,,
pg_ug,36,,pg,质量,picogram,皮克,ug,质量,microgram,微克,mw,,,,*10^,-6,*10^-6,1*10^-6,source_unit*10^-6,,,
fg_ug,37,,fg,质量,femtogram,飞克,ug,质量,microgram,微克,mw,,,,*10^,-9,*10^-9,1*10^-9,source_unit*10^-9,,,
ag_ug,38,,ag,质量,attogram,阿克,ug,质量,microgram,微克,mw,,,,*10^,-12,*10^-12,1*10^-12,source_unit*10^-12,,,
zg_ug,39,,zg,质量,zeptogram,仄克,ug,质量,microgram,微克,mw,,,,*10^,-15,*10^-15,1*10^-15,source_unit*10^-15,,,
yg_ug,40,,yg,质量,yoctogram,幺克,ug,质量,microgram,微克,mw,,,,*10^,-18,*10^-18,1*10^-18,source_unit*10^-18,,,
kg_ng,41,,kg,质量,kilogram,千克,ng,质量,nanogram,纳克,mw,,,,*10^,12,*10^12,1*10^12,source_unit*10^12,,,
g_ng,42,,g,质量,gram,克,ng,质量,nanogram,纳克,mw,,,,*10^,9,*10^9,1*10^9,source_unit*10^9,,,
mg_ng,43,,mg,质量,milligram,毫克,ng,质量,nanogram,纳克,mw,,,,*10^,6,*10^6,1*10^6,source_unit*10^6,,,
ug_ng,44,,ug,质量,microgram,微克,ng,质量,nanogram,纳克,mw,,,,*10^,3,*10^3,1*10^3,source_unit*10^3,,,
ng_ng,45,,ng,质量,nanogram,纳克,ng,质量,nanogram,纳克,mw,,,,*10^,0,*10^0,1*10^0,source_unit*10^0,,,
pg_ng,46,,pg,质量,picogram,皮克,ng,质量,nanogram,纳克,mw,,,,*10^,-3,*10^-3,1*10^-3,source_unit*10^-3,,,
fg_ng,47,,fg,质量,femtogram,飞克,ng,质量,nanogram,纳克,mw,,,,*10^,-6,*10^-6,1*10^-6,source_unit*10^-6,,,
ag_ng,48,,ag,质量,attogram,阿克,ng,质量,nanogram,纳克,mw,,,,*10^,-9,*10^-9,1*10^-9,source_unit*10^-9,,,
zg_ng,49,,zg,质量,zeptogram,仄克,ng,质量,nanogram,纳克,mw,,,,*10^,-12,*10^-12,1*10^-12,source_unit*10^-12,,,
yg_ng,50,,yg,质量,yoctogram,幺克,ng,质量,nanogram,纳克,mw,,,,*10^,-15,*10^-15,1*10^-15,source_unit*10^-15,,,
kg_pg,51,,kg,质量,kilogram,千克,pg,质量,picogram,皮克,mw,,,,*10^,15,*10^15,1*10^15,source_unit*10^15,,,
g_pg,52,,g,质量,gram,克,pg,质量,picogram,皮克,mw,,,,*10^,12,*10^12,1*10^12,source_unit*10^12,,,
mg_pg,53,,mg,质量,milligram,毫克,pg,质量,picogram,皮克,mw,,,,*10^,9,*10^9,1*10^9,source_unit*10^9,,,
ug_pg,54,,ug,质量,microgram,微克,pg,质量,picogram,皮克,mw,,,,*10^,6,*10^6,1*10^6,source_unit*10^6,,,
ng_pg,55,,ng,质量,nanogram,纳克,pg,质量,picogram,皮克,mw,,,,*10^,3,*10^3,1*10^3,source_unit*10^3,,,
pg_pg,56,,pg,质量,picogram,皮克,pg,质量,picogram,皮克,mw,,,,*10^,0,*10^0,1*10^0,source_unit*10^0,,,
fg_pg,57,,fg,质量,femtogram,飞克,pg,质量,picogram,皮克,mw,,,,*10^,-3,*10^-3,1*10^-3,source_unit*10^-3,,,
ag_pg,58,,ag,质量,attogram,阿克,pg,质量,picogram,皮克,mw,,,,*10^,-6,*10^-6,1*10^-6,source_unit*10^-6,,,
zg_pg,59,,zg,质量,zeptogram,仄克,pg,质量,picogram,皮克,mw,,,,*10^,-9,*10^-9,1*10^-9,source_unit*10^-9,,,
yg_pg,60,,yg,质量,yoctogram,幺克,pg,质量,picogram,皮克,mw,,,,*10^,-12,*10^-12,1*10^-12,source_unit*10^-12,,,
kg_fg,61,,kg,质量,kilogram,千克,fg,质量,femtogram,飞克,mw,,,,*10^,18,*10^18,1*10^18,source_unit*10^18,,,
g_fg,62,,g,质量,gram,克,fg,质量,femtogram,飞克,mw,,,,*10^,15,*10^15,1*10^15,source_unit*10^15,,,
mg_fg,63,,mg,质量,milligram,毫克,fg,质量,femtogram,飞克,mw,,,,*10^,12,*10^12,1*10^12,source_unit*10^12,,,
ug_fg,64,,ug,质量,microgram,微克,fg,质量,femtogram,飞克,mw,,,,*10^,9,*10^9,1*10^9,source_unit*10^9,,,
ng_fg,65,,ng,质量,nanogram,纳克,fg,质量,femtogram,飞克,mw,,,,*10^,6,*10^6,1*10^6,source_unit*10^6,,,
pg_fg,66,,pg,质量,picogram,皮克,fg,质量,femtogram,飞克,mw,,,,*10^,3,*10^3,1*10^3,source_unit*10^3,,,
fg_fg,67,,fg,质量,femtogram,飞克,fg,质量,femtogram,飞克,mw,,,,*10^,0,*10^0,1*10^0,source_unit*10^0,,,
ag_fg,68,,ag,质量,attogram,阿克,fg,质量,femtogram,飞克,mw,,,,*10^,-3,*10^-3,1*10^-3,source_unit*10^-3,,,
zg_fg,69,,zg,质量,zeptogram,仄克,fg,质量,femtogram,飞克,mw,,,,*10^,-6,*10^-6,1*10^-6,source_unit*10^-6,,,
yg_fg,70,,yg,质量,yoctogram,幺克,fg,质量,femtogram,飞克,mw,,,,*10^,-9,*10^-9,1*10^-9,source_unit*10^-9,,,
kg_ag,71,,kg,质量,kilogram,千克,ag,质量,attogram,阿克,mw,,,,*10^,21,*10^21,1*10^21,source_unit*10^21,,,
g_ag,72,,g,质量,gram,克,ag,质量,attogram,阿克,mw,,,,*10^,18,*10^18,1*10^18,source_unit*10^18,,,
mg_ag,73,,mg,质量,milligram,毫克,ag,质量,attogram,阿克,mw,,,,*10^,15,*10^15,1*10^15,source_unit*10^15,,,
ug_ag,74,,ug,质量,microgram,微克,ag,质量,attogram,阿克,mw,,,,*10^,12,*10^12,1*10^12,source_unit*10^12,,,
ng_ag,75,,ng,质量,nanogram,纳克,ag,质量,attogram,阿克,mw,,,,*10^,9,*10^9,1*10^9,source_unit*10^9,,,
pg_ag,76,,pg,质量,picogram,皮克,ag,质量,attogram,阿克,mw,,,,*10^,6,*10^6,1*10^6,source_unit*10^6,,,
fg_ag,77,,fg,质量,femtogram,飞克,ag,质量,attogram,阿克,mw,,,,*10^,3,*10^3,1*10^3,source_unit*10^3,,,
ag_ag,78,,ag,质量,attogram,阿克,ag,质量,attogram,阿克,mw,,,,*10^,0,*10^0,1*10^0,source_unit*10^0,,,
zg_ag,79,,zg,质量,zeptogram,仄克,ag,质量,attogram,阿克,mw,,,,*10^,-3,*10^-3,1*10^-3,source_unit*10^-3,,,
yg_ag,80,,yg,质量,yoctogram,幺克,ag,质量,attogram,阿克,mw,,,,*10^,-6,*10^-6,1*10^-6,source_unit*10^-6,,,
kg_zg,81,,kg,质量,kilogram,千克,zg,质量,zeptogram,仄克,mw,,,,*10^,24,*10^24,1*10^24,source_unit*10^24,,,
g_zg,82,,g,质量,gram,克,zg,质量,zeptogram,仄克,mw,,,,*10^,21,*10^21,1*10^21,source_unit*10^21,,,
mg_zg,83,,mg,质量,milligram,毫克,zg,质量,zeptogram,仄克,mw,,,,*10^,18,*10^18,1*10^18,source_unit*10^18,,,
ug_zg,84,,ug,质量,microgram,微克,zg,质量,zeptogram,仄克,mw,,,,*10^,15,*10^15,1*10^15,source_unit*10^15,,,
ng_zg,85,,ng,质量,nanogram,纳克,zg,质量,zeptogram,仄克,mw,,,,*10^,12,*10^12,1*10^12,source_unit*10^12,,,
pg_zg,86,,pg,质量,picogram,皮克,zg,质量,zeptogram,仄克,mw,,,,*10^,9,*10^9,1*10^9,source_unit*10^9,,,
fg_zg,87,,fg,质量,femtogram,飞克,zg,质量,zeptogram,仄克,mw,,,,*10^,6,*10^6,1*10^6,source_unit*10^6,,,
ag_zg,88,,ag,质量,attogram,阿克,zg,质量,zeptogram,仄克,mw,,,,*10^,3,*10^3,1*10^3,source_unit*10^3,,,
zg_zg,89,,zg,质量,zeptogram,仄克,zg,质量,zeptogram,仄克,mw,,,,*10^,0,*10^0,1*10^0,source_unit*10^0,,,
yg_zg,90,,yg,质量,yoctogram,幺克,zg,质量,zeptogram,仄克,mw,,,,*10^,-3,*10^-3,1*10^-3,source_unit*10^-3,,,
kg_yg,91,,kg,质量,kilogram,千克,yg,质量,yoctogram,幺克,mw,,,,*10^,27,*10^27,1*10^27,source_unit*10^27,,,
g_yg,92,,g,质量,gram,克,yg,质量,yoctogram,幺克,mw,,,,*10^,24,*10^24,1*10^24,source_unit*10^24,,,
mg_yg,93,,mg,质量,milligram,毫克,yg,质量,yoctogram,幺克,mw,,,,*10^,21,*10^21,1*10^21,source_unit*10^21,,,
ug_yg,94,,ug,质量,microgram,微克,yg,质量,yoctogram,幺克,mw,,,,*10^,18,*10^18,1*10^18,source_unit*10^18,,,
ng_yg,95,,ng,质量,nanogram,纳克,yg,质量,yoctogram,幺克,mw,,,,*10^,15,*10^15,1*10^15,source_unit*10^15,,,
pg_yg,96,,pg,质量,picogram,皮克,yg,质量,yoctogram,幺克,mw,,,,*10^,12,*10^12,1*10^12,source_unit*10^12,,,
fg_yg,97,,fg,质量,femtogram,飞克,yg,质量,yoctogram,幺克,mw,,,,*10^,9,*10^9,1*10^9,source_unit*10^9,,,
ag_yg,98,,ag,质量,attogram,阿克,yg,质量,yoctogram,幺克,mw,,,,*10^,6,*10^6,1*10^6,source_unit*10^6,,,
zg_yg,99,,zg,质量,zeptogram,仄克,yg,质量,yoctogram,幺克,mw,,,,*10^,3,*10^3,1*10^3,source_unit*10^3,,,
yg_yg,100,,yg,质量,yoctogram,幺克,yg,质量,yoctogram,幺克,mw,,,,*10^,0,*10^0,1*10^0,source_unit*10^0,,,
kmol_kmol,101,,kmol,摩尔,kilomole,千摩尔,kmol,摩尔,kilomole,千摩尔,mw,,,,*10^,0,*10^0,1*10^0,source_unit*10^0,,,
mol_kmol,102,,mol,摩尔,mole,摩尔,kmol,摩尔,kilomole,千摩尔,mw,,,,*10^,-3,*10^-3,1*10^-3,source_unit*10^-3,,,
mmol_kmol,103,,mmol,摩尔,millimole,毫摩尔,kmol,摩尔,kilomole,千摩尔,mw,,,,*10^,-6,*10^-6,1*10^-6,source_unit*10^-6,,,
umol_kmol,104,,umol,摩尔,micromole,微摩尔,kmol,摩尔,kilomole,千摩尔,mw,,,,*10^,-9,*10^-9,1*10^-9,source_unit*10^-9,,,
nmol_kmol,105,,nmol,摩尔,nanomole,纳摩尔,kmol,摩尔,kilomole,千摩尔,mw,,,,*10^,-12,*10^-12,1*10^-12,source_unit*10^-12,,,
pmol_kmol,106,,pmol,摩尔,picomole,皮摩尔,kmol,摩尔,kilomole,千摩尔,mw,,,,*10^,-15,*10^-15,1*10^-15,source_unit*10^-15,,,
fmol_kmol,107,,fmol,摩尔,femtomole,飞摩尔,kmol,摩尔,kilomole,千摩尔,mw,,,,*10^,-18,*10^-18,1*10^-18,source_unit*10^-18,,,
amol_kmol,108,,amol,摩尔,attomole,阿摩尔,kmol,摩尔,kilomole,千摩尔,mw,,,,*10^,-21,*10^-21,1*10^-21,source_unit*10^-21,,,
zmol_kmol,109,,zmol,摩尔,zeptomole,仄摩尔,kmol,摩尔,kilomole,千摩尔,mw,,,,*10^,-24,*10^-24,1*10^-24,source_unit*10^-24,,,
ymol_kmol,110,,ymol,摩尔,yoctomole,幺摩尔,kmol,摩尔,kilomole,千摩尔,mw,,,,*10^,-27,*10^-27,1*10^-27,source_unit*10^-27,,,
kmol_mol,111,,kmol,摩尔,kilomole,千摩尔,mol,摩尔,mole,摩尔,mw,,,,*10^,3,*10^3,1*10^3,source_unit*10^3,,,
mol_mol,112,,mol,摩尔,mole,摩尔,mol,摩尔,mole,摩尔,mw,,,,*10^,0,*10^0,1*10^0,source_unit*10^0,,,
mmol_mol,113,,mmol,摩尔,millimole,毫摩尔,mol,摩尔,mole,摩尔,mw,,,,*10^,-3,*10^-3,1*10^-3,source_unit*10^-3,,,
umol_mol,114,,umol,摩尔,micromole,微摩尔,mol,摩尔,mole,摩尔,mw,,,,*10^,-6,*10^-6,1*10^-6,source_unit*10^-6,,,
nmol_mol,115,,nmol,摩尔,nanomole,纳摩尔,mol,摩尔,mole,摩尔,mw,,,,*10^,-9,*10^-9,1*10^-9,source_unit*10^-9,,,
pmol_mol,116,,pmol,摩尔,picomole,皮摩尔,mol,摩尔,mole,摩尔,mw,,,,*10^,-12,*10^-12,1*10^-12,source_unit*10^-12,,,
fmol_mol,117,,fmol,摩尔,femtomole,飞摩尔,mol,摩尔,mole,摩尔,mw,,,,*10^,-15,*10^-15,1*10^-15,source_unit*10^-15,,,
amol_mol,118,,amol,摩尔,attomole,阿摩尔,mol,摩尔,mole,摩尔,mw,,,,*10^,-18,*10^-18,1*10^-18,source_unit*10^-18,,,
zmol_mol,119,,zmol,摩尔,zeptomole,仄摩尔,mol,摩尔,mole,摩尔,mw,,,,*10^,-21,*10^-21,1*10^-21,source_unit*10^-21,,,
ymol_mol,120,,ymol,摩尔,yoctomole,幺摩尔,mol,摩尔,mole,摩尔,mw,,,,*10^,-24,*10^-24,1*10^-24,source_unit*10^-24,,,
kmol_mmol,121,,kmol,摩尔,kilomole,千摩尔,mmol,摩尔,millimole,毫摩尔,mw,,,,*10^,6,*10^6,1*10^6,source_unit*10^6,,,
mol_mmol,122,,mol,摩尔,mole,摩尔,mmol,摩尔,millimole,毫摩尔,mw,,,,*10^,3,*10^3,1*10^3,source_unit*10^3,,,
mmol_mmol,123,,mmol,摩尔,millimole,毫摩尔,mmol,摩尔,millimole,毫摩尔,mw,,,,*10^,0,*10^0,1*10^0,source_unit*10^0,,,
umol_mmol,124,,umol,摩尔,micromole,微摩尔,mmol,摩尔,millimole,毫摩尔,mw,,,,*10^,-3,*10^-3,1*10^-3,source_unit*10^-3,,,
nmol_mmol,125,,nmol,摩尔,nanomole,纳摩尔,mmol,摩尔,millimole,毫摩尔,mw,,,,*10^,-6,*10^-6,1*10^-6,source_unit*10^-6,,,
pmol_mmol,126,,pmol,摩尔,picomole,皮摩尔,mmol,摩尔,millimole,毫摩尔,mw,,,,*10^,-9,*10^-9,1*10^-9,source_unit*10^-9,,,
fmol_mmol,127,,fmol,摩尔,femtomole,飞摩尔,mmol,摩尔,millimole,毫摩尔,mw,,,,*10^,-12,*10^-12,1*10^-12,source_unit*10^-12,,,
amol_mmol,128,,amol,摩尔,attomole,阿摩尔,mmol,摩尔,millimole,毫摩尔,mw,,,,*10^,-15,*10^-15,1*10^-15,source_unit*10^-15,,,
zmol_mmol,129,,zmol,摩尔,zeptomole,仄摩尔,mmol,摩尔,millimole,毫摩尔,mw,,,,*10^,-18,*10^-18,1*10^-18,source_unit*10^-18,,,
ymol_mmol,130,,ymol,摩尔,yoctomole,幺摩尔,mmol,摩尔,millimole,毫摩尔,mw,,,,*10^,-21,*10^-21,1*10^-21,source_unit*10^-21,,,
kmol_umol,131,,kmol,摩尔,kilomole,千摩尔,umol,质量,micromole,微摩尔,mw,,,,*10^,9,*10^9,1*10^9,source_unit*10^9,,,
mol_umol,132,,mol,摩尔,mole,摩尔,umol,质量,micromole,微摩尔,mw,,,,*10^,6,*10^6,1*10^6,source_unit*10^6,,,
mmol_umol,133,,mmol,摩尔,millimole,毫摩尔,umol,质量,micromole,微摩尔,mw,,,,*10^,3,*10^3,1*10^3,source_unit*10^3,,,
umol_umol,134,,umol,摩尔,micromole,微摩尔,umol,质量,micromole,微摩尔,mw,,,,*10^,0,*10^0,1*10^0,source_unit*10^0,,,
nmol_umol,135,,nmol,摩尔,nanomole,纳摩尔,umol,质量,micromole,微摩尔,mw,,,,*10^,-3,*10^-3,1*10^-3,source_unit*10^-3,,,
pmol_umol,136,,pmol,摩尔,picomole,皮摩尔,umol,质量,micromole,微摩尔,mw,,,,*10^,-6,*10^-6,1*10^-6,source_unit*10^-6,,,
fmol_umol,137,,fmol,摩尔,femtomole,飞摩尔,umol,质量,micromole,微摩尔,mw,,,,*10^,-9,*10^-9,1*10^-9,source_unit*10^-9,,,
amol_umol,138,,amol,摩尔,attomole,阿摩尔,umol,质量,micromole,微摩尔,mw,,,,*10^,-12,*10^-12,1*10^-12,source_unit*10^-12,,,
zmol_umol,139,,zmol,摩尔,zeptomole,仄摩尔,umol,质量,micromole,微摩尔,mw,,,,*10^,-15,*10^-15,1*10^-15,source_unit*10^-15,,,
ymol_umol,140,,ymol,摩尔,yoctomole,幺摩尔,umol,质量,micromole,微摩尔,mw,,,,*10^,-18,*10^-18,1*10^-18,source_unit*10^-18,,,
kmol_nmol,141,,kmol,摩尔,kilomole,千摩尔,nmol,质量,nanomole,纳摩尔,mw,,,,*10^,12,*10^12,1*10^12,source_unit*10^12,,,
mol_nmol,142,,mol,摩尔,mole,摩尔,nmol,质量,nanomole,纳摩尔,mw,,,,*10^,9,*10^9,1*10^9,source_unit*10^9,,,
mmol_nmol,143,,mmol,摩尔,millimole,毫摩尔,nmol,质量,nanomole,纳摩尔,mw,,,,*10^,6,*10^6,1*10^6,source_unit*10^6,,,
umol_nmol,144,,umol,摩尔,micromole,微摩尔,nmol,质量,nanomole,纳摩尔,mw,,,,*10^,3,*10^3,1*10^3,source_unit*10^3,,,
nmol_nmol,145,,nmol,摩尔,nanomole,纳摩尔,nmol,质量,nanomole,纳摩尔,mw,,,,*10^,0,*10^0,1*10^0,source_unit*10^0,,,
pmol_nmol,146,,pmol,摩尔,picomole,皮摩尔,nmol,质量,nanomole,纳摩尔,mw,,,,*10^,-3,*10^-3,1*10^-3,source_unit*10^-3,,,
fmol_nmol,147,,fmol,摩尔,femtomole,飞摩尔,nmol,质量,nanomole,纳摩尔,mw,,,,*10^,-6,*10^-6,1*10^-6,source_unit*10^-6,,,
amol_nmol,148,,amol,摩尔,attomole,阿摩尔,nmol,质量,nanomole,纳摩尔,mw,,,,*10^,-9,*10^-9,1*10^-9,source_unit*10^-9,,,
zmol_nmol,149,,zmol,摩尔,zeptomole,仄摩尔,nmol,质量,nanomole,纳摩尔,mw,,,,*10^,-12,*10^-12,1*10^-12,source_unit*10^-12,,,
ymol_nmol,150,,ymol,摩尔,yoctomole,幺摩尔,nmol,质量,nanomole,纳摩尔,mw,,,,*10^,-15,*10^-15,1*10^-15,source_unit*10^-15,,,
kmol_pmol,151,,kmol,摩尔,kilomole,千摩尔,pmol,质量,picomole,皮摩尔,mw,,,,*10^,15,*10^15,1*10^15,source_unit*10^15,,,
mol_pmol,152,,mol,摩尔,mole,摩尔,pmol,质量,picomole,皮摩尔,mw,,,,*10^,12,*10^12,1*10^12,source_unit*10^12,,,
mmol_pmol,153,,mmol,摩尔,millimole,毫摩尔,pmol,质量,picomole,皮摩尔,mw,,,,*10^,9,*10^9,1*10^9,source_unit*10^9,,,
umol_pmol,154,,umol,摩尔,micromole,微摩尔,pmol,质量,picomole,皮摩尔,mw,,,,*10^,6,*10^6,1*10^6,source_unit*10^6,,,
nmol_pmol,155,,nmol,摩尔,nanomole,纳摩尔,pmol,质量,picomole,皮摩尔,mw,,,,*10^,3,*10^3,1*10^3,source_unit*10^3,,,
pmol_pmol,156,,pmol,摩尔,picomole,皮摩尔,pmol,质量,picomole,皮摩尔,mw,,,,*10^,0,*10^0,1*10^0,source_unit*10^0,,,
fmol_pmol,157,,fmol,摩尔,femtomole,飞摩尔,pmol,质量,picomole,皮摩尔,mw,,,,*10^,-3,*10^-3,1*10^-3,source_unit*10^-3,,,
amol_pmol,158,,amol,摩尔,attomole,阿摩尔,pmol,质量,picomole,皮摩尔,mw,,,,*10^,-6,*10^-6,1*10^-6,source_unit*10^-6,,,
zmol_pmol,159,,zmol,摩尔,zeptomole,仄摩尔,pmol,质量,picomole,皮摩尔,mw,,,,*10^,-9,*10^-9,1*10^-9,source_unit*10^-9,,,
ymol_pmol,160,,ymol,摩尔,yoctomole,幺摩尔,pmol,质量,picomole,皮摩尔,mw,,,,*10^,-12,*10^-12,1*10^-12,source_unit*10^-12,,,
kmol_fmol,161,,kmol,摩尔,kilomole,千摩尔,fmol,质量,femtomole,飞摩尔,mw,,,,*10^,18,*10^18,1*10^18,source_unit*10^18,,,
mol_fmol,162,,mol,摩尔,mole,摩尔,fmol,质量,femtomole,飞摩尔,mw,,,,*10^,15,*10^15,1*10^15,source_unit*10^15,,,
mmol_fmol,163,,mmol,摩尔,millimole,毫摩尔,fmol,质量,femtomole,飞摩尔,mw,,,,*10^,12,*10^12,1*10^12,source_unit*10^12,,,
umol_fmol,164,,umol,摩尔,micromole,微摩尔,fmol,质量,femtomole,飞摩尔,mw,,,,*10^,9,*10^9,1*10^9,source_unit*10^9,,,
nmol_fmol,165,,nmol,摩尔,nanomole,纳摩尔,fmol,质量,femtomole,飞摩尔,mw,,,,*10^,6,*10^6,1*10^6,source_unit*10^6,,,
pmol_fmol,166,,pmol,摩尔,picomole,皮摩尔,fmol,质量,femtomole,飞摩尔,mw,,,,*10^,3,*10^3,1*10^3,source_unit*10^3,,,
fmol_fmol,167,,fmol,摩尔,femtomole,飞摩尔,fmol,质量,femtomole,飞摩尔,mw,,,,*10^,0,*10^0,1*10^0,source_unit*10^0,,,
amol_fmol,168,,amol,摩尔,attomole,阿摩尔,fmol,质量,femtomole,飞摩尔,mw,,,,*10^,-3,*10^-3,1*10^-3,source_unit*10^-3,,,
zmol_fmol,169,,zmol,摩尔,zeptomole,仄摩尔,fmol,质量,femtomole,飞摩尔,mw,,,,*10^,-6,*10^-6,1*10^-6,source_unit*10^-6,,,
ymol_fmol,170,,ymol,摩尔,yoctomole,幺摩尔,fmol,质量,femtomole,飞摩尔,mw,,,,*10^,-9,*10^-9,1*10^-9,source_unit*10^-9,,,
kmol_amol,171,,kmol,摩尔,kilomole,千摩尔,amol,质量,attomole,阿摩尔,mw,,,,*10^,21,*10^21,1*10^21,source_unit*10^21,,,
mol_amol,172,,mol,摩尔,mole,摩尔,amol,质量,attomole,阿摩尔,mw,,,,*10^,18,*10^18,1*10^18,source_unit*10^18,,,
mmol_amol,173,,mmol,摩尔,millimole,毫摩尔,amol,质量,attomole,阿摩尔,mw,,,,*10^,15,*10^15,1*10^15,source_unit*10^15,,,
umol_amol,174,,umol,摩尔,micromole,微摩尔,amol,质量,attomole,阿摩尔,mw,,,,*10^,12,*10^12,1*10^12,source_unit*10^12,,,
nmol_amol,175,,nmol,摩尔,nanomole,纳摩尔,amol,质量,attomole,阿摩尔,mw,,,,*10^,9,*10^9,1*10^9,source_unit*10^9,,,
pmol_amol,176,,pmol,摩尔,picomole,皮摩尔,amol,质量,attomole,阿摩尔,mw,,,,*10^,6,*10^6,1*10^6,source_unit*10^6,,,
fmol_amol,177,,fmol,摩尔,femtomole,飞摩尔,amol,质量,attomole,阿摩尔,mw,,,,*10^,3,*10^3,1*10^3,source_unit*10^3,,,
amol_amol,178,,amol,摩尔,attomole,阿摩尔,amol,质量,attomole,阿摩尔,mw,,,,*10^,0,*10^0,1*10^0,source_unit*10^0,,,
zmol_amol,179,,zmol,摩尔,zeptomole,仄摩尔,amol,质量,attomole,阿摩尔,mw,,,,*10^,-3,*10^-3,1*10^-3,source_unit*10^-3,,,
ymol_amol,180,,ymol,摩尔,yoctomole,幺摩尔,amol,质量,attomole,阿摩尔,mw,,,,*10^,-6,*10^-6,1*10^-6,source_unit*10^-6,,,
kmol_zmol,181,,kmol,摩尔,kilomole,千摩尔,zmol,质量,zeptomole,仄摩尔,mw,,,,*10^,24,*10^24,1*10^24,source_unit*10^24,,,
mol_zmol,182,,mol,摩尔,mole,摩尔,zmol,质量,zeptomole,仄摩尔,mw,,,,*10^,21,*10^21,1*10^21,source_unit*10^21,,,
mmol_zmol,183,,mmol,摩尔,millimole,毫摩尔,zmol,质量,zeptomole,仄摩尔,mw,,,,*10^,18,*10^18,1*10^18,source_unit*10^18,,,
umol_zmol,184,,umol,摩尔,micromole,微摩尔,zmol,质量,zeptomole,仄摩尔,mw,,,,*10^,15,*10^15,1*10^15,source_unit*10^15,,,
nmol_zmol,185,,nmol,摩尔,nanomole,纳摩尔,zmol,质量,zeptomole,仄摩尔,mw,,,,*10^,12,*10^12,1*10^12,source_unit*10^12,,,
pmol_zmol,186,,pmol,摩尔,picomole,皮摩尔,zmol,质量,zeptomole,仄摩尔,mw,,,,*10^,9,*10^9,1*10^9,source_unit*10^9,,,
fmol_zmol,187,,fmol,摩尔,femtomole,飞摩尔,zmol,质量,zeptomole,仄摩尔,mw,,,,*10^,6,*10^6,1*10^6,source_unit*10^6,,,
amol_zmol,188,,amol,摩尔,attomole,阿摩尔,zmol,质量,zeptomole,仄摩尔,mw,,,,*10^,3,*10^3,1*10^3,source_unit*10^3,,,
zmol_zmol,189,,zmol,摩尔,zeptomole,仄摩尔,zmol,质量,zeptomole,仄摩尔,mw,,,,*10^,0,*10^0,1*10^0,source_unit*10^0,,,
ymol_zmol,190,,ymol,摩尔,yoctomole,幺摩尔,zmol,质量,zeptomole,仄摩尔,mw,,,,*10^,-3,*10^-3,1*10^-3,source_unit*10^-3,,,
kmol_ymol,191,,kmol,摩尔,kilomole,千摩尔,ymol,质量,yoctomole,幺摩尔,mw,,,,*10^,27,*10^27,1*10^27,source_unit*10^27,,,
mol_ymol,192,,mol,摩尔,mole,摩尔,ymol,质量,yoctomole,幺摩尔,mw,,,,*10^,24,*10^24,1*10^24,source_unit*10^24,,,
mmol_ymol,193,,mmol,摩尔,millimole,毫摩尔,ymol,质量,yoctomole,幺摩尔,mw,,,,*10^,21,*10^21,1*10^21,source_unit*10^21,,,
umol_ymol,194,,umol,摩尔,micromole,微摩尔,ymol,质量,yoctomole,幺摩尔,mw,,,,*10^,18,*10^18,1*10^18,source_unit*10^18,,,
nmol_ymol,195,,nmol,摩尔,nanomole,纳摩尔,ymol,质量,yoctomole,幺摩尔,mw,,,,*10^,15,*10^15,1*10^15,source_unit*10^15,,,
pmol_ymol,196,,pmol,摩尔,picomole,皮摩尔,ymol,质量,yoctomole,幺摩尔,mw,,,,*10^,12,*10^12,1*10^12,source_unit*10^12,,,
fmol_ymol,197,,fmol,摩尔,femtomole,飞摩尔,ymol,质量,yoctomole,幺摩尔,mw,,,,*10^,9,*10^9,1*10^9,source_unit*10^9,,,
amol_ymol,198,,amol,摩尔,attomole,阿摩尔,ymol,质量,yoctomole,幺摩尔,mw,,,,*10^,6,*10^6,1*10^6,source_unit*10^6,,,
zmol_ymol,199,,zmol,摩尔,zeptomole,仄摩尔,ymol,质量,yoctomole,幺摩尔,mw,,,,*10^,3,*10^3,1*10^3,source_unit*10^3,,,
ymol_ymol,200,,ymol,摩尔,yoctomole,幺摩尔,ymol,质量,yoctomole,幺摩尔,mw,,,,*10^,0,*10^0,1*10^0,source_unit*10^0,,,
kg_kmol,201,,kg,质量,kilogram,千克,kmol,摩尔,kilomole,千摩尔,mw,,,/mw,*10^,0,/mw*10^0,1/mw*10^0,source_unit/mw*10^0,,,
g_kmol,202,,g,质量,gram,克,kmol,摩尔,kilomole,千摩尔,mw,,,/mw,*10^,-3,/mw*10^-3,1/mw*10^-3,source_unit/mw*10^-3,,,
mg_kmol,203,,mg,质量,milligram,毫克,kmol,摩尔,kilomole,千摩尔,mw,,,/mw,*10^,-6,/mw*10^-6,1/mw*10^-6,source_unit/mw*10^-6,,,
ug_kmol,204,,ug,质量,microgram,微克,kmol,摩尔,kilomole,千摩尔,mw,,,/mw,*10^,-9,/mw*10^-9,1/mw*10^-9,source_unit/mw*10^-9,,,
ng_kmol,205,,ng,质量,nanogram,纳克,kmol,摩尔,kilomole,千摩尔,mw,,,/mw,*10^,-12,/mw*10^-12,1/mw*10^-12,source_unit/mw*10^-12,,,
pg_kmol,206,,pg,质量,picogram,皮克,kmol,摩尔,kilomole,千摩尔,mw,,,/mw,*10^,-15,/mw*10^-15,1/mw*10^-15,source_unit/mw*10^-15,,,
fg_kmol,207,,fg,质量,femtogram,飞克,kmol,摩尔,kilomole,千摩尔,mw,,,/mw,*10^,-18,/mw*10^-18,1/mw*10^-18,source_unit/mw*10^-18,,,
ag_kmol,208,,ag,质量,attogram,阿克,kmol,摩尔,kilomole,千摩尔,mw,,,/mw,*10^,-21,/mw*10^-21,1/mw*10^-21,source_unit/mw*10^-21,,,
zg_kmol,209,,zg,质量,zeptogram,仄克,kmol,摩尔,kilomole,千摩尔,mw,,,/mw,*10^,-24,/mw*10^-24,1/mw*10^-24,source_unit/mw*10^-24,,,
yg_kmol,210,,yg,质量,yoctogram,幺克,kmol,摩尔,kilomole,千摩尔,mw,,,/mw,*10^,-27,/mw*10^-27,1/mw*10^-27,source_unit/mw*10^-27,,,
kg_mol,211,,kg,质量,kilogram,千克,mol,摩尔,mole,摩尔,mw,,,/mw,*10^,3,/mw*10^3,1/mw*10^3,source_unit/mw*10^3,,,
g_mol,212,,g,质量,gram,克,mol,摩尔,mole,摩尔,mw,,,/mw,*10^,0,/mw*10^0,1/mw*10^0,source_unit/mw*10^0,,,
mg_mol,213,,mg,质量,milligram,毫克,mol,摩尔,mole,摩尔,mw,,,/mw,*10^,-3,/mw*10^-3,1/mw*10^-3,source_unit/mw*10^-3,,,
ug_mol,214,,ug,质量,microgram,微克,mol,摩尔,mole,摩尔,mw,,,/mw,*10^,-6,/mw*10^-6,1/mw*10^-6,source_unit/mw*10^-6,,,
ng_mol,215,,ng,质量,nanogram,纳克,mol,摩尔,mole,摩尔,mw,,,/mw,*10^,-9,/mw*10^-9,1/mw*10^-9,source_unit/mw*10^-9,,,
pg_mol,216,,pg,质量,picogram,皮克,mol,摩尔,mole,摩尔,mw,,,/mw,*10^,-12,/mw*10^-12,1/mw*10^-12,source_unit/mw*10^-12,,,
fg_mol,217,,fg,质量,femtogram,飞克,mol,摩尔,mole,摩尔,mw,,,/mw,*10^,-15,/mw*10^-15,1/mw*10^-15,source_unit/mw*10^-15,,,
ag_mol,218,,ag,质量,attogram,阿克,mol,摩尔,mole,摩尔,mw,,,/mw,*10^,-18,/mw*10^-18,1/mw*10^-18,source_unit/mw*10^-18,,,
zg_mol,219,,zg,质量,zeptogram,仄克,mol,摩尔,mole,摩尔,mw,,,/mw,*10^,-21,/mw*10^-21,1/mw*10^-21,source_unit/mw*10^-21,,,
yg_mol,220,,yg,质量,yoctogram,幺克,mol,摩尔,mole,摩尔,mw,,,/mw,*10^,-24,/mw*10^-24,1/mw*10^-24,source_unit/mw*10^-24,,,
kg_mmol,221,,kg,质量,kilogram,千克,mmol,摩尔,millimole,毫摩尔,mw,,,/mw,*10^,6,/mw*10^6,1/mw*10^6,source_unit/mw*10^6,,,
g_mmol,222,,g,质量,gram,克,mmol,摩尔,millimole,毫摩尔,mw,,,/mw,*10^,3,/mw*10^3,1/mw*10^3,source_unit/mw*10^3,,,
mg_mmol,223,,mg,质量,milligram,毫克,mmol,摩尔,millimole,毫摩尔,mw,,,/mw,*10^,0,/mw*10^0,1/mw*10^0,source_unit/mw*10^0,,,
ug_mmol,224,,ug,质量,microgram,微克,mmol,摩尔,millimole,毫摩尔,mw,,,/mw,*10^,-3,/mw*10^-3,1/mw*10^-3,source_unit/mw*10^-3,,,
ng_mmol,225,,ng,质量,nanogram,纳克,mmol,摩尔,millimole,毫摩尔,mw,,,/mw,*10^,-6,/mw*10^-6,1/mw*10^-6,source_unit/mw*10^-6,,,
pg_mmol,226,,pg,质量,picogram,皮克,mmol,摩尔,millimole,毫摩尔,mw,,,/mw,*10^,-9,/mw*10^-9,1/mw*10^-9,source_unit/mw*10^-9,,,
fg_mmol,227,,fg,质量,femtogram,飞克,mmol,摩尔,millimole,毫摩尔,mw,,,/mw,*10^,-12,/mw*10^-12,1/mw*10^-12,source_unit/mw*10^-12,,,
ag_mmol,228,,ag,质量,attogram,阿克,mmol,摩尔,millimole,毫摩尔,mw,,,/mw,*10^,-15,/mw*10^-15,1/mw*10^-15,source_unit/mw*10^-15,,,
zg_mmol,229,,zg,质量,zeptogram,仄克,mmol,摩尔,millimole,毫摩尔,mw,,,/mw,*10^,-18,/mw*10^-18,1/mw*10^-18,source_unit/mw*10^-18,,,
yg_mmol,230,,yg,质量,yoctogram,幺克,mmol,摩尔,millimole,毫摩尔,mw,,,/mw,*10^,-21,/mw*10^-21,1/mw*10^-21,source_unit/mw*10^-21,,,
kg_umol,231,,kg,质量,kilogram,千克,umol,摩尔,micromole,微摩尔,mw,,,/mw,*10^,9,/mw*10^9,1/mw*10^9,source_unit/mw*10^9,,,
g_umol,232,,g,质量,gram,克,umol,摩尔,micromole,微摩尔,mw,,,/mw,*10^,6,/mw*10^6,1/mw*10^6,source_unit/mw*10^6,,,
mg_umol,233,,mg,质量,milligram,毫克,umol,摩尔,micromole,微摩尔,mw,,,/mw,*10^,3,/mw*10^3,1/mw*10^3,source_unit/mw*10^3,,,
ug_umol,234,,ug,质量,microgram,微克,umol,摩尔,micromole,微摩尔,mw,,,/mw,*10^,0,/mw*10^0,1/mw*10^0,source_unit/mw*10^0,,,
ng_umol,235,,ng,质量,nanogram,纳克,umol,摩尔,micromole,微摩尔,mw,,,/mw,*10^,-3,/mw*10^-3,1/mw*10^-3,source_unit/mw*10^-3,,,
pg_umol,236,,pg,质量,picogram,皮克,umol,摩尔,micromole,微摩尔,mw,,,/mw,*10^,-6,/mw*10^-6,1/mw*10^-6,source_unit/mw*10^-6,,,
fg_umol,237,,fg,质量,femtogram,飞克,umol,摩尔,micromole,微摩尔,mw,,,/mw,*10^,-9,/mw*10^-9,1/mw*10^-9,source_unit/mw*10^-9,,,
ag_umol,238,,ag,质量,attogram,阿克,umol,摩尔,micromole,微摩尔,mw,,,/mw,*10^,-12,/mw*10^-12,1/mw*10^-12,source_unit/mw*10^-12,,,
zg_umol,239,,zg,质量,zeptogram,仄克,umol,摩尔,micromole,微摩尔,mw,,,/mw,*10^,-15,/mw*10^-15,1/mw*10^-15,source_unit/mw*10^-15,,,
yg_umol,240,,yg,质量,yoctogram,幺克,umol,摩尔,micromole,微摩尔,mw,,,/mw,*10^,-18,/mw*10^-18,1/mw*10^-18,source_unit/mw*10^-18,,,
kg_nmol,241,,kg,质量,kilogram,千克,nmol,摩尔,nanomole,纳摩尔,mw,,,/mw,*10^,12,/mw*10^12,1/mw*10^12,source_unit/mw*10^12,,,
g_nmol,242,,g,质量,gram,克,nmol,摩尔,nanomole,纳摩尔,mw,,,/mw,*10^,9,/mw*10^9,1/mw*10^9,source_unit/mw*10^9,,,
mg_nmol,243,,mg,质量,milligram,毫克,nmol,摩尔,nanomole,纳摩尔,mw,,,/mw,*10^,6,/mw*10^6,1/mw*10^6,source_unit/mw*10^6,,,
ug_nmol,244,,ug,质量,microgram,微克,nmol,摩尔,nanomole,纳摩尔,mw,,,/mw,*10^,3,/mw*10^3,1/mw*10^3,source_unit/mw*10^3,,,
ng_nmol,245,,ng,质量,nanogram,纳克,nmol,摩尔,nanomole,纳摩尔,mw,,,/mw,*10^,0,/mw*10^0,1/mw*10^0,source_unit/mw*10^0,,,
pg_nmol,246,,pg,质量,picogram,皮克,nmol,摩尔,nanomole,纳摩尔,mw,,,/mw,*10^,-3,/mw*10^-3,1/mw*10^-3,source_unit/mw*10^-3,,,
fg_nmol,247,,fg,质量,femtogram,飞克,nmol,摩尔,nanomole,纳摩尔,mw,,,/mw,*10^,-6,/mw*10^-6,1/mw*10^-6,source_unit/mw*10^-6,,,
ag_nmol,248,,ag,质量,attogram,阿克,nmol,摩尔,nanomole,纳摩尔,mw,,,/mw,*10^,-9,/mw*10^-9,1/mw*10^-9,source_unit/mw*10^-9,,,
zg_nmol,249,,zg,质量,zeptogram,仄克,nmol,摩尔,nanomole,纳摩尔,mw,,,/mw,*10^,-12,/mw*10^-12,1/mw*10^-12,source_unit/mw*10^-12,,,
yg_nmol,250,,yg,质量,yoctogram,幺克,nmol,摩尔,nanomole,纳摩尔,mw,,,/mw,*10^,-15,/mw*10^-15,1/mw*10^-15,source_unit/mw*10^-15,,,
kg_pmol,251,,kg,质量,kilogram,千克,pmol,摩尔,picomole,皮摩尔,mw,,,/mw,*10^,15,/mw*10^15,1/mw*10^15,source_unit/mw*10^15,,,
g_pmol,252,,g,质量,gram,克,pmol,摩尔,picomole,皮摩尔,mw,,,/mw,*10^,12,/mw*10^12,1/mw*10^12,source_unit/mw*10^12,,,
mg_pmol,253,,mg,质量,milligram,毫克,pmol,摩尔,picomole,皮摩尔,mw,,,/mw,*10^,9,/mw*10^9,1/mw*10^9,source_unit/mw*10^9,,,
ug_pmol,254,,ug,质量,microgram,微克,pmol,摩尔,picomole,皮摩尔,mw,,,/mw,*10^,6,/mw*10^6,1/mw*10^6,source_unit/mw*10^6,,,
ng_pmol,255,,ng,质量,nanogram,纳克,pmol,摩尔,picomole,皮摩尔,mw,,,/mw,*10^,3,/mw*10^3,1/mw*10^3,source_unit/mw*10^3,,,
pg_pmol,256,,pg,质量,picogram,皮克,pmol,摩尔,picomole,皮摩尔,mw,,,/mw,*10^,0,/mw*10^0,1/mw*10^0,source_unit/mw*10^0,,,
fg_pmol,257,,fg,质量,femtogram,飞克,pmol,摩尔,picomole,皮摩尔,mw,,,/mw,*10^,-3,/mw*10^-3,1/mw*10^-3,source_unit/mw*10^-3,,,
ag_pmol,258,,ag,质量,attogram,阿克,pmol,摩尔,picomole,皮摩尔,mw,,,/mw,*10^,-6,/mw*10^-6,1/mw*10^-6,source_unit/mw*10^-6,,,
zg_pmol,259,,zg,质量,zeptogram,仄克,pmol,摩尔,picomole,皮摩尔,mw,,,/mw,*10^,-9,/mw*10^-9,1/mw*10^-9,source_unit/mw*10^-9,,,
yg_pmol,260,,yg,质量,yoctogram,幺克,pmol,摩尔,picomole,皮摩尔,mw,,,/mw,*10^,-12,/mw*10^-12,1/mw*10^-12,source_unit/mw*10^-12,,,
kg_fmol,261,,kg,质量,kilogram,千克,fmol,摩尔,femtomole,飞摩尔,mw,,,/mw,*10^,18,/mw*10^18,1/mw*10^18,source_unit/mw*10^18,,,
g_fmol,262,,g,质量,gram,克,fmol,摩尔,femtomole,飞摩尔,mw,,,/mw,*10^,15,/mw*10^15,1/mw*10^15,source_unit/mw*10^15,,,
mg_fmol,263,,mg,质量,milligram,毫克,fmol,摩尔,femtomole,飞摩尔,mw,,,/mw,*10^,12,/mw*10^12,1/mw*10^12,source_unit/mw*10^12,,,
ug_fmol,264,,ug,质量,microgram,微克,fmol,摩尔,femtomole,飞摩尔,mw,,,/mw,*10^,9,/mw*10^9,1/mw*10^9,source_unit/mw*10^9,,,
ng_fmol,265,,ng,质量,nanogram,纳克,fmol,摩尔,femtomole,飞摩尔,mw,,,/mw,*10^,6,/mw*10^6,1/mw*10^6,source_unit/mw*10^6,,,
pg_fmol,266,,pg,质量,picogram,皮克,fmol,摩尔,femtomole,飞摩尔,mw,,,/mw,*10^,3,/mw*10^3,1/mw*10^3,source_unit/mw*10^3,,,
fg_fmol,267,,fg,质量,femtogram,飞克,fmol,摩尔,femtomole,飞摩尔,mw,,,/mw,*10^,0,/mw*10^0,1/mw*10^0,source_unit/mw*10^0,,,
ag_fmol,268,,ag,质量,attogram,阿克,fmol,摩尔,femtomole,飞摩尔,mw,,,/mw,*10^,-3,/mw*10^-3,1/mw*10^-3,source_unit/mw*10^-3,,,
zg_fmol,269,,zg,质量,zeptogram,仄克,fmol,摩尔,femtomole,飞摩尔,mw,,,/mw,*10^,-6,/mw*10^-6,1/mw*10^-6,source_unit/mw*10^-6,,,
yg_fmol,270,,yg,质量,yoctogram,幺克,fmol,摩尔,femtomole,飞摩尔,mw,,,/mw,*10^,-9,/mw*10^-9,1/mw*10^-9,source_unit/mw*10^-9,,,
kg_amol,271,,kg,质量,kilogram,千克,amol,摩尔,attomole,阿摩尔,mw,,,/mw,*10^,21,/mw*10^21,1/mw*10^21,source_unit/mw*10^21,,,
g_amol,272,,g,质量,gram,克,amol,摩尔,attomole,阿摩尔,mw,,,/mw,*10^,18,/mw*10^18,1/mw*10^18,source_unit/mw*10^18,,,
mg_amol,273,,mg,质量,milligram,毫克,amol,摩尔,attomole,阿摩尔,mw,,,/mw,*10^,15,/mw*10^15,1/mw*10^15,source_unit/mw*10^15,,,
ug_amol,274,,ug,质量,microgram,微克,amol,摩尔,attomole,阿摩尔,mw,,,/mw,*10^,12,/mw*10^12,1/mw*10^12,source_unit/mw*10^12,,,
ng_amol,275,,ng,质量,nanogram,纳克,amol,摩尔,attomole,阿摩尔,mw,,,/mw,*10^,9,/mw*10^9,1/mw*10^9,source_unit/mw*10^9,,,
pg_amol,276,,pg,质量,picogram,皮克,amol,摩尔,attomole,阿摩尔,mw,,,/mw,*10^,6,/mw*10^6,1/mw*10^6,source_unit/mw*10^6,,,
fg_amol,277,,fg,质量,femtogram,飞克,amol,摩尔,attomole,阿摩尔,mw,,,/mw,*10^,3,/mw*10^3,1/mw*10^3,source_unit/mw*10^3,,,
ag_amol,278,,ag,质量,attogram,阿克,amol,摩尔,attomole,阿摩尔,mw,,,/mw,*10^,0,/mw*10^0,1/mw*10^0,source_unit/mw*10^0,,,
zg_amol,279,,zg,质量,zeptogram,仄克,amol,摩尔,attomole,阿摩尔,mw,,,/mw,*10^,-3,/mw*10^-3,1/mw*10^-3,source_unit/mw*10^-3,,,
yg_amol,280,,yg,质量,yoctogram,幺克,amol,摩尔,attomole,阿摩尔,mw,,,/mw,*10^,-6,/mw*10^-6,1/mw*10^-6,source_unit/mw*10^-6,,,
kg_zmol,281,,kg,质量,kilogram,千克,zmol,摩尔,zeptomole,仄摩尔,mw,,,/mw,*10^,24,/mw*10^24,1/mw*10^24,source_unit/mw*10^24,,,
g_zmol,282,,g,质量,gram,克,zmol,摩尔,zeptomole,仄摩尔,mw,,,/mw,*10^,21,/mw*10^21,1/mw*10^21,source_unit/mw*10^21,,,
mg_zmol,283,,mg,质量,milligram,毫克,zmol,摩尔,zeptomole,仄摩尔,mw,,,/mw,*10^,18,/mw*10^18,1/mw*10^18,source_unit/mw*10^18,,,
ug_zmol,284,,ug,质量,microgram,微克,zmol,摩尔,zeptomole,仄摩尔,mw,,,/mw,*10^,15,/mw*10^15,1/mw*10^15,source_unit/mw*10^15,,,
ng_zmol,285,,ng,质量,nanogram,纳克,zmol,摩尔,zeptomole,仄摩尔,mw,,,/mw,*10^,12,/mw*10^12,1/mw*10^12,source_unit/mw*10^12,,,
pg_zmol,286,,pg,质量,picogram,皮克,zmol,摩尔,zeptomole,仄摩尔,mw,,,/mw,*10^,9,/mw*10^9,1/mw*10^9,source_unit/mw*10^9,,,
fg_zmol,287,,fg,质量,femtogram,飞克,zmol,摩尔,zeptomole,仄摩尔,mw,,,/mw,*10^,6,/mw*10^6,1/mw*10^6,source_unit/mw*10^6,,,
ag_zmol,288,,ag,质量,attogram,阿克,zmol,摩尔,zeptomole,仄摩尔,mw,,,/mw,*10^,3,/mw*10^3,1/mw*10^3,source_unit/mw*10^3,,,
zg_zmol,289,,zg,质量,zeptogram,仄克,zmol,摩尔,zeptomole,仄摩尔,mw,,,/mw,*10^,0,/mw*10^0,1/mw*10^0,source_unit/mw*10^0,,,
yg_zmol,290,,yg,质量,yoctogram,幺克,zmol,摩尔,zeptomole,仄摩尔,mw,,,/mw,*10^,-3,/mw*10^-3,1/mw*10^-3,source_unit/mw*10^-3,,,
kg_ymol,291,,kg,质量,kilogram,千克,ymol,摩尔,yoctomole,幺摩尔,mw,,,/mw,*10^,27,/mw*10^27,1/mw*10^27,source_unit/mw*10^27,,,
g_ymol,292,,g,质量,gram,克,ymol,摩尔,yoctomole,幺摩尔,mw,,,/mw,*10^,24,/mw*10^24,1/mw*10^24,source_unit/mw*10^24,,,
mg_ymol,293,,mg,质量,milligram,毫克,ymol,摩尔,yoctomole,幺摩尔,mw,,,/mw,*10^,21,/mw*10^21,1/mw*10^21,source_unit/mw*10^21,,,
ug_ymol,294,,ug,质量,microgram,微克,ymol,摩尔,yoctomole,幺摩尔,mw,,,/mw,*10^,18,/mw*10^18,1/mw*10^18,source_unit/mw*10^18,,,
ng_ymol,295,,ng,质量,nanogram,纳克,ymol,摩尔,yoctomole,幺摩尔,mw,,,/mw,*10^,15,/mw*10^15,1/mw*10^15,source_unit/mw*10^15,,,
pg_ymol,296,,pg,质量,picogram,皮克,ymol,摩尔,yoctomole,幺摩尔,mw,,,/mw,*10^,12,/mw*10^12,1/mw*10^12,source_unit/mw*10^12,,,
fg_ymol,297,,fg,质量,femtogram,飞克,ymol,摩尔,yoctomole,幺摩尔,mw,,,/mw,*10^,9,/mw*10^9,1/mw*10^9,source_unit/mw*10^9,,,
ag_ymol,298,,ag,质量,attogram,阿克,ymol,摩尔,yoctomole,幺摩尔,mw,,,/mw,*10^,6,/mw*10^6,1/mw*10^6,source_unit/mw*10^6,,,
zg_ymol,299,,zg,质量,zeptogram,仄克,ymol,摩尔,yoctomole,幺摩尔,mw,,,/mw,*10^,3,/mw*10^3,1/mw*10^3,source_unit/mw*10^3,,,
yg_ymol,300,,yg,质量,yoctogram,幺克,ymol,摩尔,yoctomole,幺摩尔,mw,,,/mw,*10^,0,/mw*10^0,1/mw*10^0,source_unit/mw*10^0,,,
kmol_kg,301,,kmol,摩尔,kilomole,千摩尔,kg,质量,kilogram,千克,mw,,,*mw,*10^,0,*mw*10^0,1*mw*10^0,source_unit*mw*10^0,,,
mol_kg,302,,mol,摩尔,mole,摩尔,kg,质量,kilogram,千克,mw,,,*mw,*10^,-3,*mw*10^-3,1*mw*10^-3,source_unit*mw*10^-3,,,
mmol_kg,303,,mmol,摩尔,millimole,毫摩尔,kg,质量,kilogram,千克,mw,,,*mw,*10^,-6,*mw*10^-6,1*mw*10^-6,source_unit*mw*10^-6,,,
umol_kg,304,,umol,摩尔,micromole,微摩尔,kg,质量,kilogram,千克,mw,,,*mw,*10^,-9,*mw*10^-9,1*mw*10^-9,source_unit*mw*10^-9,,,
nmol_kg,305,,nmol,摩尔,nanomole,纳摩尔,kg,质量,kilogram,千克,mw,,,*mw,*10^,-12,*mw*10^-12,1*mw*10^-12,source_unit*mw*10^-12,,,
pmol_kg,306,,pmol,摩尔,picomole,皮摩尔,kg,质量,kilogram,千克,mw,,,*mw,*10^,-15,*mw*10^-15,1*mw*10^-15,source_unit*mw*10^-15,,,
fmol_kg,307,,fmol,摩尔,femtomole,飞摩尔,kg,质量,kilogram,千克,mw,,,*mw,*10^,-18,*mw*10^-18,1*mw*10^-18,source_unit*mw*10^-18,,,
amol_kg,308,,amol,摩尔,attomole,阿摩尔,kg,质量,kilogram,千克,mw,,,*mw,*10^,-21,*mw*10^-21,1*mw*10^-21,source_unit*mw*10^-21,,,
zmol_kg,309,,zmol,摩尔,zeptomole,仄摩尔,kg,质量,kilogram,千克,mw,,,*mw,*10^,-24,*mw*10^-24,1*mw*10^-24,source_unit*mw*10^-24,,,
ymol_kg,310,,ymol,摩尔,yoctomole,幺摩尔,kg,质量,kilogram,千克,mw,,,*mw,*10^,-27,*mw*10^-27,1*mw*10^-27,source_unit*mw*10^-27,,,
kmol_g,311,,kmol,摩尔,kilomole,千摩尔,g,质量,gram,克,mw,,,*mw,*10^,3,*mw*10^3,1*mw*10^3,source_unit*mw*10^3,,,
mol_g,312,,mol,摩尔,mole,摩尔,g,质量,gram,克,mw,,,*mw,*10^,0,*mw*10^0,1*mw*10^0,source_unit*mw*10^0,,,
mmol_g,313,,mmol,摩尔,millimole,毫摩尔,g,质量,gram,克,mw,,,*mw,*10^,-3,*mw*10^-3,1*mw*10^-3,source_unit*mw*10^-3,,,
umol_g,314,,umol,摩尔,micromole,微摩尔,g,质量,gram,克,mw,,,*mw,*10^,-6,*mw*10^-6,1*mw*10^-6,source_unit*mw*10^-6,,,
nmol_g,315,,nmol,摩尔,nanomole,纳摩尔,g,质量,gram,克,mw,,,*mw,*10^,-9,*mw*10^-9,1*mw*10^-9,source_unit*mw*10^-9,,,
pmol_g,316,,pmol,摩尔,picomole,皮摩尔,g,质量,gram,克,mw,,,*mw,*10^,-12,*mw*10^-12,1*mw*10^-12,source_unit*mw*10^-12,,,
fmol_g,317,,fmol,摩尔,femtomole,飞摩尔,g,质量,gram,克,mw,,,*mw,*10^,-15,*mw*10^-15,1*mw*10^-15,source_unit*mw*10^-15,,,
amol_g,318,,amol,摩尔,attomole,阿摩尔,g,质量,gram,克,mw,,,*mw,*10^,-18,*mw*10^-18,1*mw*10^-18,source_unit*mw*10^-18,,,
zmol_g,319,,zmol,摩尔,zeptomole,仄摩尔,g,质量,gram,克,mw,,,*mw,*10^,-21,*mw*10^-21,1*mw*10^-21,source_unit*mw*10^-21,,,
ymol_g,320,,ymol,摩尔,yoctomole,幺摩尔,g,质量,gram,克,mw,,,*mw,*10^,-24,*mw*10^-24,1*mw*10^-24,source_unit*mw*10^-24,,,
kmol_mg,321,,kmol,摩尔,kilomole,千摩尔,mg,质量,milligram,毫克,mw,,,*mw,*10^,6,*mw*10^6,1*mw*10^6,source_unit*mw*10^6,,,
mol_mg,322,,mol,摩尔,mole,摩尔,mg,质量,milligram,毫克,mw,,,*mw,*10^,3,*mw*10^3,1*mw*10^3,source_unit*mw*10^3,,,
mmol_mg,323,,mmol,摩尔,millimole,毫摩尔,mg,质量,milligram,毫克,mw,,,*mw,*10^,0,*mw*10^0,1*mw*10^0,source_unit*mw*10^0,,,
umol_mg,324,,umol,摩尔,micromole,微摩尔,mg,质量,milligram,毫克,mw,,,*mw,*10^,-3,*mw*10^-3,1*mw*10^-3,source_unit*mw*10^-3,,,
nmol_mg,325,,nmol,摩尔,nanomole,纳摩尔,mg,质量,milligram,毫克,mw,,,*mw,*10^,-6,*mw*10^-6,1*mw*10^-6,source_unit*mw*10^-6,,,
pmol_mg,326,,pmol,摩尔,picomole,皮摩尔,mg,质量,milligram,毫克,mw,,,*mw,*10^,-9,*mw*10^-9,1*mw*10^-9,source_unit*mw*10^-9,,,
fmol_mg,327,,fmol,摩尔,femtomole,飞摩尔,mg,质量,milligram,毫克,mw,,,*mw,*10^,-12,*mw*10^-12,1*mw*10^-12,source_unit*mw*10^-12,,,
amol_mg,328,,amol,摩尔,attomole,阿摩尔,mg,质量,milligram,毫克,mw,,,*mw,*10^,-15,*mw*10^-15,1*mw*10^-15,source_unit*mw*10^-15,,,
zmol_mg,329,,zmol,摩尔,zeptomole,仄摩尔,mg,质量,milligram,毫克,mw,,,*mw,*10^,-18,*mw*10^-18,1*mw*10^-18,source_unit*mw*10^-18,,,
ymol_mg,330,,ymol,摩尔,yoctomole,幺摩尔,mg,质量,milligram,毫克,mw,,,*mw,*10^,-21,*mw*10^-21,1*mw*10^-21,source_unit*mw*10^-21,,,
kmol_ug,331,,kmol,摩尔,kilomole,千摩尔,ug,质量,microgram,微克,mw,,,*mw,*10^,9,*mw*10^9,1*mw*10^9,source_unit*mw*10^9,,,
mol_ug,332,,mol,摩尔,mole,摩尔,ug,质量,microgram,微克,mw,,,*mw,*10^,6,*mw*10^6,1*mw*10^6,source_unit*mw*10^6,,,
mmol_ug,333,,mmol,摩尔,millimole,毫摩尔,ug,质量,microgram,微克,mw,,,*mw,*10^,3,*mw*10^3,1*mw*10^3,source_unit*mw*10^3,,,
umol_ug,334,,umol,摩尔,micromole,微摩尔,ug,质量,microgram,微克,mw,,,*mw,*10^,0,*mw*10^0,1*mw*10^0,source_unit*mw*10^0,,,
nmol_ug,335,,nmol,摩尔,nanomole,纳摩尔,ug,质量,microgram,微克,mw,,,*mw,*10^,-3,*mw*10^-3,1*mw*10^-3,source_unit*mw*10^-3,,,
pmol_ug,336,,pmol,摩尔,picomole,皮摩尔,ug,质量,microgram,微克,mw,,,*mw,*10^,-6,*mw*10^-6,1*mw*10^-6,source_unit*mw*10^-6,,,
fmol_ug,337,,fmol,摩尔,femtomole,飞摩尔,ug,质量,microgram,微克,mw,,,*mw,*10^,-9,*mw*10^-9,1*mw*10^-9,source_unit*mw*10^-9,,,
amol_ug,338,,amol,摩尔,attomole,阿摩尔,ug,质量,microgram,微克,mw,,,*mw,*10^,-12,*mw*10^-12,1*mw*10^-12,source_unit*mw*10^-12,,,
zmol_ug,339,,zmol,摩尔,zeptomole,仄摩尔,ug,质量,microgram,微克,mw,,,*mw,*10^,-15,*mw*10^-15,1*mw*10^-15,source_unit*mw*10^-15,,,
ymol_ug,340,,ymol,摩尔,yoctomole,幺摩尔,ug,质量,microgram,微克,mw,,,*mw,*10^,-18,*mw*10^-18,1*mw*10^-18,source_unit*mw*10^-18,,,
kmol_ng,341,,kmol,摩尔,kilomole,千摩尔,ng,质量,nanogram,纳克,mw,,,*mw,*10^,12,*mw*10^12,1*mw*10^12,source_unit*mw*10^12,,,
mol_ng,342,,mol,摩尔,mole,摩尔,ng,质量,nanogram,纳克,mw,,,*mw,*10^,9,*mw*10^9,1*mw*10^9,source_unit*mw*10^9,,,
mmol_ng,343,,mmol,摩尔,millimole,毫摩尔,ng,质量,nanogram,纳克,mw,,,*mw,*10^,6,*mw*10^6,1*mw*10^6,source_unit*mw*10^6,,,
umol_ng,344,,umol,摩尔,micromole,微摩尔,ng,质量,nanogram,纳克,mw,,,*mw,*10^,3,*mw*10^3,1*mw*10^3,source_unit*mw*10^3,,,
nmol_ng,345,,nmol,摩尔,nanomole,纳摩尔,ng,质量,nanogram,纳克,mw,,,*mw,*10^,0,*mw*10^0,1*mw*10^0,source_unit*mw*10^0,,,
pmol_ng,346,,pmol,摩尔,picomole,皮摩尔,ng,质量,nanogram,纳克,mw,,,*mw,*10^,-3,*mw*10^-3,1*mw*10^-3,source_unit*mw*10^-3,,,
fmol_ng,347,,fmol,摩尔,femtomole,飞摩尔,ng,质量,nanogram,纳克,mw,,,*mw,*10^,-6,*mw*10^-6,1*mw*10^-6,source_unit*mw*10^-6,,,
amol_ng,348,,amol,摩尔,attomole,阿摩尔,ng,质量,nanogram,纳克,mw,,,*mw,*10^,-9,*mw*10^-9,1*mw*10^-9,source_unit*mw*10^-9,,,
zmol_ng,349,,zmol,摩尔,zeptomole,仄摩尔,ng,质量,nanogram,纳克,mw,,,*mw,*10^,-12,*mw*10^-12,1*mw*10^-12,source_unit*mw*10^-12,,,
ymol_ng,350,,ymol,摩尔,yoctomole,幺摩尔,ng,质量,nanogram,纳克,mw,,,*mw,*10^,-15,*mw*10^-15,1*mw*10^-15,source_unit*mw*10^-15,,,
kmol_pg,351,,kmol,摩尔,kilomole,千摩尔,pg,质量,picogram,皮克,mw,,,*mw,*10^,15,*mw*10^15,1*mw*10^15,source_unit*mw*10^15,,,
mol_pg,352,,mol,摩尔,mole,摩尔,pg,质量,picogram,皮克,mw,,,*mw,*10^,12,*mw*10^12,1*mw*10^12,source_unit*mw*10^12,,,
mmol_pg,353,,mmol,摩尔,millimole,毫摩尔,pg,质量,picogram,皮克,mw,,,*mw,*10^,9,*mw*10^9,1*mw*10^9,source_unit*mw*10^9,,,
umol_pg,354,,umol,摩尔,micromole,微摩尔,pg,质量,picogram,皮克,mw,,,*mw,*10^,6,*mw*10^6,1*mw*10^6,source_unit*mw*10^6,,,
nmol_pg,355,,nmol,摩尔,nanomole,纳摩尔,pg,质量,picogram,皮克,mw,,,*mw,*10^,3,*mw*10^3,1*mw*10^3,source_unit*mw*10^3,,,
pmol_pg,356,,pmol,摩尔,picomole,皮摩尔,pg,质量,picogram,皮克,mw,,,*mw,*10^,0,*mw*10^0,1*mw*10^0,source_unit*mw*10^0,,,
fmol_pg,357,,fmol,摩尔,femtomole,飞摩尔,pg,质量,picogram,皮克,mw,,,*mw,*10^,-3,*mw*10^-3,1*mw*10^-3,source_unit*mw*10^-3,,,
amol_pg,358,,amol,摩尔,attomole,阿摩尔,pg,质量,picogram,皮克,mw,,,*mw,*10^,-6,*mw*10^-6,1*mw*10^-6,source_unit*mw*10^-6,,,
zmol_pg,359,,zmol,摩尔,zeptomole,仄摩尔,pg,质量,picogram,皮克,mw,,,*mw,*10^,-9,*mw*10^-9,1*mw*10^-9,source_unit*mw*10^-9,,,
ymol_pg,360,,ymol,摩尔,yoctomole,幺摩尔,pg,质量,picogram,皮克,mw,,,*mw,*10^,-12,*mw*10^-12,1*mw*10^-12,source_unit*mw*10^-12,,,
kmol_fg,361,,kmol,摩尔,kilomole,千摩尔,fg,质量,femtogram,飞克,mw,,,*mw,*10^,18,*mw*10^18,1*mw*10^18,source_unit*mw*10^18,,,
mol_fg,362,,mol,摩尔,mole,摩尔,fg,质量,femtogram,飞克,mw,,,*mw,*10^,15,*mw*10^15,1*mw*10^15,source_unit*mw*10^15,,,
mmol_fg,363,,mmol,摩尔,millimole,毫摩尔,fg,质量,femtogram,飞克,mw,,,*mw,*10^,12,*mw*10^12,1*mw*10^12,source_unit*mw*10^12,,,
umol_fg,364,,umol,摩尔,micromole,微摩尔,fg,质量,femtogram,飞克,mw,,,*mw,*10^,9,*mw*10^9,1*mw*10^9,source_unit*mw*10^9,,,
nmol_fg,365,,nmol,摩尔,nanomole,纳摩尔,fg,质量,femtogram,飞克,mw,,,*mw,*10^,6,*mw*10^6,1*mw*10^6,source_unit*mw*10^6,,,
pmol_fg,366,,pmol,摩尔,picomole,皮摩尔,fg,质量,femtogram,飞克,mw,,,*mw,*10^,3,*mw*10^3,1*mw*10^3,source_unit*mw*10^3,,,
fmol_fg,367,,fmol,摩尔,femtomole,飞摩尔,fg,质量,femtogram,飞克,mw,,,*mw,*10^,0,*mw*10^0,1*mw*10^0,source_unit*mw*10^0,,,
amol_fg,368,,amol,摩尔,attomole,阿摩尔,fg,质量,femtogram,飞克,mw,,,*mw,*10^,-3,*mw*10^-3,1*mw*10^-3,source_unit*mw*10^-3,,,
zmol_fg,369,,zmol,摩尔,zeptomole,仄摩尔,fg,质量,femtogram,飞克,mw,,,*mw,*10^,-6,*mw*10^-6,1*mw*10^-6,source_unit*mw*10^-6,,,
ymol_fg,370,,ymol,摩尔,yoctomole,幺摩尔,fg,质量,femtogram,飞克,mw,,,*mw,*10^,-9,*mw*10^-9,1*mw*10^-9,source_unit*mw*10^-9,,,
kmol_ag,371,,kmol,摩尔,kilomole,千摩尔,ag,质量,attogram,阿克,mw,,,*mw,*10^,21,*mw*10^21,1*mw*10^21,source_unit*mw*10^21,,,
mol_ag,372,,mol,摩尔,mole,摩尔,ag,质量,attogram,阿克,mw,,,*mw,*10^,18,*mw*10^18,1*mw*10^18,source_unit*mw*10^18,,,
mmol_ag,373,,mmol,摩尔,millimole,毫摩尔,ag,质量,attogram,阿克,mw,,,*mw,*10^,15,*mw*10^15,1*mw*10^15,source_unit*mw*10^15,,,
umol_ag,374,,umol,摩尔,micromole,微摩尔,ag,质量,attogram,阿克,mw,,,*mw,*10^,12,*mw*10^12,1*mw*10^12,source_unit*mw*10^12,,,
nmol_ag,375,,nmol,摩尔,nanomole,纳摩尔,ag,质量,attogram,阿克,mw,,,*mw,*10^,9,*mw*10^9,1*mw*10^9,source_unit*mw*10^9,,,
pmol_ag,376,,pmol,摩尔,picomole,皮摩尔,ag,质量,attogram,阿克,mw,,,*mw,*10^,6,*mw*10^6,1*mw*10^6,source_unit*mw*10^6,,,
fmol_ag,377,,fmol,摩尔,femtomole,飞摩尔,ag,质量,attogram,阿克,mw,,,*mw,*10^,3,*mw*10^3,1*mw*10^3,source_unit*mw*10^3,,,
amol_ag,378,,amol,摩尔,attomole,阿摩尔,ag,质量,attogram,阿克,mw,,,*mw,*10^,0,*mw*10^0,1*mw*10^0,source_unit*mw*10^0,,,
zmol_ag,379,,zmol,摩尔,zeptomole,仄摩尔,ag,质量,attogram,阿克,mw,,,*mw,*10^,-3,*mw*10^-3,1*mw*10^-3,source_unit*mw*10^-3,,,
ymol_ag,380,,ymol,摩尔,yoctomole,幺摩尔,ag,质量,attogram,阿克,mw,,,*mw,*10^,-6,*mw*10^-6,1*mw*10^-6,source_unit*mw*10^-6,,,
kmol_zg,381,,kmol,摩尔,kilomole,千摩尔,zg,质量,zeptogram,仄克,mw,,,*mw,*10^,24,*mw*10^24,1*mw*10^24,source_unit*mw*10^24,,,
mol_zg,382,,mol,摩尔,mole,摩尔,zg,质量,zeptogram,仄克,mw,,,*mw,*10^,21,*mw*10^21,1*mw*10^21,source_unit*mw*10^21,,,
mmol_zg,383,,mmol,摩尔,millimole,毫摩尔,zg,质量,zeptogram,仄克,mw,,,*mw,*10^,18,*mw*10^18,1*mw*10^18,source_unit*mw*10^18,,,
umol_zg,384,,umol,摩尔,micromole,微摩尔,zg,质量,zeptogram,仄克,mw,,,*mw,*10^,15,*mw*10^15,1*mw*10^15,source_unit*mw*10^15,,,
nmol_zg,385,,nmol,摩尔,nanomole,纳摩尔,zg,质量,zeptogram,仄克,mw,,,*mw,*10^,12,*mw*10^12,1*mw*10^12,source_unit*mw*10^12,,,
pmol_zg,386,,pmol,摩尔,picomole,皮摩尔,zg,质量,zeptogram,仄克,mw,,,*mw,*10^,9,*mw*10^9,1*mw*10^9,source_unit*mw*10^9,,,
fmol_zg,387,,fmol,摩尔,femtomole,飞摩尔,zg,质量,zeptogram,仄克,mw,,,*mw,*10^,6,*mw*10^6,1*mw*10^6,source_unit*mw*10^6,,,
amol_zg,388,,amol,摩尔,attomole,阿摩尔,zg,质量,zeptogram,仄克,mw,,,*mw,*10^,3,*mw*10^3,1*mw*10^3,source_unit*mw*10^3,,,
zmol_zg,389,,zmol,摩尔,zeptomole,仄摩尔,zg,质量,zeptogram,仄克,mw,,,*mw,*10^,0,*mw*10^0,1*mw*10^0,source_unit*mw*10^0,,,
ymol_zg,390,,ymol,摩尔,yoctomole,幺摩尔,zg,质量,zeptogram,仄克,mw,,,*mw,*10^,-3,*mw*10^-3,1*mw*10^-3,source_unit*mw*10^-3,,,
kmol_yg,391,,kmol,摩尔,kilomole,千摩尔,yg,质量,yoctogram,幺克,mw,,,*mw,*10^,27,*mw*10^27,1*mw*10^27,source_unit*mw*10^27,,,
mol_yg,392,,mol,摩尔,mole,摩尔,yg,质量,yoctogram,幺克,mw,,,*mw,*10^,24,*mw*10^24,1*mw*10^24,source_unit*mw*10^24,,,
mmol_yg,393,,mmol,摩尔,millimole,毫摩尔,yg,质量,yoctogram,幺克,mw,,,*mw,*10^,21,*mw*10^21,1*mw*10^21,source_unit*mw*10^21,,,
umol_yg,394,,umol,摩尔,micromole,微摩尔,yg,质量,yoctogram,幺克,mw,,,*mw,*10^,18,*mw*10^18,1*mw*10^18,source_unit*mw*10^18,,,
nmol_yg,395,,nmol,摩尔,nanomole,纳摩尔,yg,质量,yoctogram,幺克,mw,,,*mw,*10^,15,*mw*10^15,1*mw*10^15,source_unit*mw*10^15,,,
pmol_yg,396,,pmol,摩尔,picomole,皮摩尔,yg,质量,yoctogram,幺克,mw,,,*mw,*10^,12,*mw*10^12,1*mw*10^12,source_unit*mw*10^12,,,
fmol_yg,397,,fmol,摩尔,femtomole,飞摩尔,yg,质量,yoctogram,幺克,mw,,,*mw,*10^,9,*mw*10^9,1*mw*10^9,source_unit*mw*10^9,,,
amol_yg,398,,amol,摩尔,attomole,阿摩尔,yg,质量,yoctogram,幺克,mw,,,*mw,*10^,6,*mw*10^6,1*mw*10^6,source_unit*mw*10^6,,,
zmol_yg,399,,zmol,摩尔,zeptomole,仄摩尔,yg,质量,yoctogram,幺克,mw,,,*mw,*10^,3,*mw*10^3,1*mw*10^3,source_unit*mw*10^3,,,
ymol_yg,400,,ymol,摩尔,yoctomole,幺摩尔,yg,质量,yoctogram,幺克,mw,,,*mw,*10^,0,*mw*10^0,1*mw*10^0,source_unit*mw*10^0,,,
m^3_m^3,401,,m^3,体积,cubic meter,立方米,m^3,体积,cubic meter,立方米,,,,,*10^,0,*10^0,1*10^0,source_unit*10^0,,,
L_m^3,402,,L,体积,liter,升,m^3,体积,cubic meter,立方米,,,,,*10^,-3,*10^-3,1*10^-3,source_unit*10^-3,,,
dL_m^3,403,,dL,体积,deciliter,分升,m^3,体积,cubic meter,立方米,,,,,*10^,-4,*10^-4,1*10^-4,source_unit*10^-4,,,
cm^3_m^3,404,,cm^3,体积,cubic centimeter,立方厘米,m^3,体积,cubic meter,立方米,,,,,*10^,-6,*10^-6,1*10^-6,source_unit*10^-6,,,
mL_m^3,405,,mL,体积,milliliter,毫升,m^3,体积,cubic meter,立方米,,,,,*10^,-6,*10^-6,1*10^-6,source_unit*10^-6,,,
mm^3_m^3,406,,mm^3,体积,cubic millimeter,立方毫米,m^3,体积,cubic meter,立方米,,,,,*10^,-9,*10^-9,1*10^-9,source_unit*10^-9,,,
uL_m^3,407,,uL,体积,microliter,微升,m^3,体积,cubic meter,立方米,,,,,*10^,-9,*10^-9,1*10^-9,source_unit*10^-9,,,
um^3_m^3,408,,um^3,体积,cubic micrometer,立方微米,m^3,体积,cubic meter,立方米,,,,,*10^,-12,*10^-12,1*10^-12,source_unit*10^-12,,,
nL_m^3,409,,nL,体积,nanoliter,纳升,m^3,体积,cubic meter,立方米,,,,,*10^,-12,*10^-12,1*10^-12,source_unit*10^-12,,,
nm*3_m^3,410,,nm*3,体积,cubic nanometer,立方纳米,m^3,体积,cubic meter,立方米,,,,,*10^,-15,*10^-15,1*10^-15,source_unit*10^-15,,,
m^3_L,411,,m^3,体积,cubic meter,立方米,L,体积,liter,升,,,,,*10^,3,*10^3,1*10^3,source_unit*10^3,,,
L_L,412,,L,体积,liter,升,L,体积,liter,升,,,,,*10^,0,*10^0,1*10^0,source_unit*10^0,,,
dL_L,413,,dL,体积,deciliter,分升,L,体积,liter,升,,,,,*10^,-1,*10^-1,1*10^-1,source_unit*10^-1,,,
cm^3_L,414,,cm^3,体积,cubic centimeter,立方厘米,L,体积,liter,升,,,,,*10^,-3,*10^-3,1*10^-3,source_unit*10^-3,,,
mL_L,415,,mL,体积,milliliter,毫升,L,体积,liter,升,,,,,*10^,-3,*10^-3,1*10^-3,source_unit*10^-3,,,
mm^3_L,416,,mm^3,体积,cubic millimeter,立方毫米,L,体积,liter,升,,,,,*10^,-6,*10^-6,1*10^-6,source_unit*10^-6,,,
uL_L,417,,uL,体积,microliter,微升,L,体积,liter,升,,,,,*10^,-6,*10^-6,1*10^-6,source_unit*10^-6,,,
um^3_L,418,,um^3,体积,cubic micrometer,立方微米,L,体积,liter,升,,,,,*10^,-9,*10^-9,1*10^-9,source_unit*10^-9,,,
nL_L,419,,nL,体积,nanoliter,纳升,L,体积,liter,升,,,,,*10^,-9,*10^-9,1*10^-9,source_unit*10^-9,,,
nm*3_L,420,,nm*3,体积,cubic nanometer,立方纳米,L,体积,liter,升,,,,,*10^,-12,*10^-12,1*10^-12,source_unit*10^-12,,,
m^3_dL,421,,m^3,体积,cubic meter,立方米,dL,体积,deciliter,分升,,,,,*10^,4,*10^4,1*10^4,source_unit*10^4,,,
L_dL,422,,L,体积,liter,升,dL,体积,deciliter,分升,,,,,*10^,1,*10^1,1*10^1,source_unit*10^1,,,
dL_dL,423,,dL,体积,deciliter,分升,dL,体积,deciliter,分升,,,,,*10^,0,*10^0,1*10^0,source_unit*10^0,,,
cm^3_dL,424,,cm^3,体积,cubic centimeter,立方厘米,dL,体积,deciliter,分升,,,,,*10^,-2,*10^-2,1*10^-2,source_unit*10^-2,,,
mL_dL,425,,mL,体积,milliliter,毫升,dL,体积,deciliter,分升,,,,,*10^,-2,*10^-2,1*10^-2,source_unit*10^-2,,,
mm^3_dL,426,,mm^3,体积,cubic millimeter,立方毫米,dL,体积,deciliter,分升,,,,,*10^,-5,*10^-5,1*10^-5,source_unit*10^-5,,,
uL_dL,427,,uL,体积,microliter,微升,dL,体积,deciliter,分升,,,,,*10^,-5,*10^-5,1*10^-5,source_unit*10^-5,,,
um^3_dL,428,,um^3,体积,cubic micrometer,立方微米,dL,体积,deciliter,分升,,,,,*10^,-8,*10^-8,1*10^-8,source_unit*10^-8,,,
nL_dL,429,,nL,体积,nanoliter,纳升,dL,体积,deciliter,分升,,,,,*10^,-8,*10^-8,1*10^-8,source_unit*10^-8,,,
nm*3_dL,430,,nm*3,体积,cubic nanometer,立方纳米,dL,体积,deciliter,分升,,,,,*10^,-11,*10^-11,1*10^-11,source_unit*10^-11,,,
m^3_cm^3,431,,m^3,体积,cubic meter,立方米,cm^3,体积,cubic centimeter,立方厘米,,,,,*10^,6,*10^6,1*10^6,source_unit*10^6,,,
L_cm^3,432,,L,体积,liter,升,cm^3,体积,cubic centimeter,立方厘米,,,,,*10^,3,*10^3,1*10^3,source_unit*10^3,,,
dL_cm^3,433,,dL,体积,deciliter,分升,cm^3,体积,cubic centimeter,立方厘米,,,,,*10^,2,*10^2,1*10^2,source_unit*10^2,,,
cm^3_cm^3,434,,cm^3,体积,cubic centimeter,立方厘米,cm^3,体积,cubic centimeter,立方厘米,,,,,*10^,0,*10^0,1*10^0,source_unit*10^0,,,
mL_cm^3,435,,mL,体积,milliliter,毫升,cm^3,体积,cubic centimeter,立方厘米,,,,,*10^,0,*10^0,1*10^0,source_unit*10^0,,,
mm^3_cm^3,436,,mm^3,体积,cubic millimeter,立方毫米,cm^3,体积,cubic centimeter,立方厘米,,,,,*10^,-3,*10^-3,1*10^-3,source_unit*10^-3,,,
uL_cm^3,437,,uL,体积,microliter,微升,cm^3,体积,cubic centimeter,立方厘米,,,,,*10^,-3,*10^-3,1*10^-3,source_unit*10^-3,,,
um^3_cm^3,438,,um^3,体积,cubic micrometer,立方微米,cm^3,体积,cubic centimeter,立方厘米,,,,,*10^,-6,*10^-6,1*10^-6,source_unit*10^-6,,,
nL_cm^3,439,,nL,体积,nanoliter,纳升,cm^3,体积,cubic centimeter,立方厘米,,,,,*10^,-6,*10^-6,1*10^-6,source_unit*10^-6,,,
nm*3_cm^3,440,,nm*3,体积,cubic nanometer,立方纳米,cm^3,体积,cubic centimeter,立方厘米,,,,,*10^,-9,*10^-9,1*10^-9,source_unit*10^-9,,,
m^3_mL,441,,m^3,体积,cubic meter,立方米,mL,体积,milliliter,毫升,,,,,*10^,6,*10^6,1*10^6,source_unit*10^6,,,
L_mL,442,,L,体积,liter,升,mL,体积,milliliter,毫升,,,,,*10^,3,*10^3,1*10^3,source_unit*10^3,,,
dL_mL,443,,dL,体积,deciliter,分升,mL,体积,milliliter,毫升,,,,,*10^,2,*10^2,1*10^2,source_unit*10^2,,,
cm^3_mL,444,,cm^3,体积,cubic centimeter,立方厘米,mL,体积,milliliter,毫升,,,,,*10^,0,*10^0,1*10^0,source_unit*10^0,,,
mL_mL,445,,mL,体积,milliliter,毫升,mL,体积,milliliter,毫升,,,,,*10^,0,*10^0,1*10^0,source_unit*10^0,,,
mm^3_mL,446,,mm^3,体积,cubic millimeter,立方毫米,mL,体积,milliliter,毫升,,,,,*10^,-3,*10^-3,1*10^-3,source_unit*10^-3,,,
uL_mL,447,,uL,体积,microliter,微升,mL,体积,milliliter,毫升,,,,,*10^,-3,*10^-3,1*10^-3,source_unit*10^-3,,,
um^3_mL,448,,um^3,体积,cubic micrometer,立方微米,mL,体积,milliliter,毫升,,,,,*10^,-6,*10^-6,1*10^-6,source_unit*10^-6,,,
nL_mL,449,,nL,体积,nanoliter,纳升,mL,体积,milliliter,毫升,,,,,*10^,-6,*10^-6,1*10^-6,source_unit*10^-6,,,
nm*3_mL,450,,nm*3,体积,cubic nanometer,立方纳米,mL,体积,milliliter,毫升,,,,,*10^,-9,*10^-9,1*10^-9,source_unit*10^-9,,,
m^3_mm^3,451,,m^3,体积,cubic meter,立方米,mm^3,体积,cubic millimeter,立方毫米,,,,,*10^,9,*10^9,1*10^9,source_unit*10^9,,,
L_mm^3,452,,L,体积,liter,升,mm^3,体积,cubic millimeter,立方毫米,,,,,*10^,6,*10^6,1*10^6,source_unit*10^6,,,
dL_mm^3,453,,dL,体积,deciliter,分升,mm^3,体积,cubic millimeter,立方毫米,,,,,*10^,5,*10^5,1*10^5,source_unit*10^5,,,
cm^3_mm^3,454,,cm^3,体积,cubic centimeter,立方厘米,mm^3,体积,cubic millimeter,立方毫米,,,,,*10^,3,*10^3,1*10^3,source_unit*10^3,,,
mL_mm^3,455,,mL,体积,milliliter,毫升,mm^3,体积,cubic millimeter,立方毫米,,,,,*10^,3,*10^3,1*10^3,source_unit*10^3,,,
mm^3_mm^3,456,,mm^3,体积,cubic millimeter,立方毫米,mm^3,体积,cubic millimeter,立方毫米,,,,,*10^,0,*10^0,1*10^0,source_unit*10^0,,,
uL_mm^3,457,,uL,体积,microliter,微升,mm^3,体积,cubic millimeter,立方毫米,,,,,*10^,0,*10^0,1*10^0,source_unit*10^0,,,
um^3_mm^3,458,,um^3,体积,cubic micrometer,立方微米,mm^3,体积,cubic millimeter,立方毫米,,,,,*10^,-3,*10^-3,1*10^-3,source_unit*10^-3,,,
nL_mm^3,459,,nL,体积,nanoliter,纳升,mm^3,体积,cubic millimeter,立方毫米,,,,,*10^,-3,*10^-3,1*10^-3,source_unit*10^-3,,,
nm*3_mm^3,460,,nm*3,体积,cubic nanometer,立方纳米,mm^3,体积,cubic millimeter,立方毫米,,,,,*10^,-6,*10^-6,1*10^-6,source_unit*10^-6,,,
m^3_uL,461,,m^3,体积,cubic meter,立方米,uL,体积,microliter,微升,,,,,*10^,9,*10^9,1*10^9,source_unit*10^9,,,
L_uL,462,,L,体积,liter,升,uL,体积,microliter,微升,,,,,*10^,6,*10^6,1*10^6,source_unit*10^6,,,
dL_uL,463,,dL,体积,deciliter,分升,uL,体积,microliter,微升,,,,,*10^,5,*10^5,1*10^5,source_unit*10^5,,,
cm^3_uL,464,,cm^3,体积,cubic centimeter,立方厘米,uL,体积,microliter,微升,,,,,*10^,3,*10^3,1*10^3,source_unit*10^3,,,
mL_uL,465,,mL,体积,milliliter,毫升,uL,体积,microliter,微升,,,,,*10^,3,*10^3,1*10^3,source_unit*10^3,,,
mm^3_uL,466,,mm^3,体积,cubic millimeter,立方毫米,uL,体积,microliter,微升,,,,,*10^,0,*10^0,1*10^0,source_unit*10^0,,,
uL_uL,467,,uL,体积,microliter,微升,uL,体积,microliter,微升,,,,,*10^,0,*10^0,1*10^0,source_unit*10^0,,,
um^3_uL,468,,um^3,体积,cubic micrometer,立方微米,uL,体积,microliter,微升,,,,,*10^,-3,*10^-3,1*10^-3,source_unit*10^-3,,,
nL_uL,469,,nL,体积,nanoliter,纳升,uL,体积,microliter,微升,,,,,*10^,-3,*10^-3,1*10^-3,source_unit*10^-3,,,
nm*3_uL,470,,nm*3,体积,cubic nanometer,立方纳米,uL,体积,microliter,微升,,,,,*10^,-6,*10^-6,1*10^-6,source_unit*10^-6,,,
m^3_um^3,471,,m^3,体积,cubic meter,立方米,um^3,体积,cubic micrometer,立方微米,,,,,*10^,12,*10^12,1*10^12,source_unit*10^12,,,
L_um^3,472,,L,体积,liter,升,um^3,体积,cubic micrometer,立方微米,,,,,*10^,9,*10^9,1*10^9,source_unit*10^9,,,
dL_um^3,473,,dL,体积,deciliter,分升,um^3,体积,cubic micrometer,立方微米,,,,,*10^,8,*10^8,1*10^8,source_unit*10^8,,,
cm^3_um^3,474,,cm^3,体积,cubic centimeter,立方厘米,um^3,体积,cubic micrometer,立方微米,,,,,*10^,6,*10^6,1*10^6,source_unit*10^6,,,
mL_um^3,475,,mL,体积,milliliter,毫升,um^3,体积,cubic micrometer,立方微米,,,,,*10^,6,*10^6,1*10^6,source_unit*10^6,,,
mm^3_um^3,476,,mm^3,体积,cubic millimeter,立方毫米,um^3,体积,cubic micrometer,立方微米,,,,,*10^,3,*10^3,1*10^3,source_unit*10^3,,,
uL_um^3,477,,uL,体积,microliter,微升,um^3,体积,cubic micrometer,立方微米,,,,,*10^,3,*10^3,1*10^3,source_unit*10^3,,,
um^3_um^3,478,,um^3,体积,cubic micrometer,立方微米,um^3,体积,cubic micrometer,立方微米,,,,,*10^,0,*10^0,1*10^0,source_unit*10^0,,,
nL_um^3,479,,nL,体积,nanoliter,纳升,um^3,体积,cubic micrometer,立方微米,,,,,*10^,0,*10^0,1*10^0,source_unit*10^0,,,
nm*3_um^3,480,,nm*3,体积,cubic nanometer,立方纳米,um^3,体积,cubic micrometer,立方微米,,,,,*10^,-3,*10^-3,1*10^-3,source_unit*10^-3,,,
m^3_nL,481,,m^3,体积,cubic meter,立方米,nL,体积,nanoliter,纳升,,,,,*10^,12,*10^12,1*10^12,source_unit*10^12,,,
L_nL,482,,L,体积,liter,升,nL,体积,nanoliter,纳升,,,,,*10^,9,*10^9,1*10^9,source_unit*10^9,,,
dL_nL,483,,dL,体积,deciliter,分升,nL,体积,nanoliter,纳升,,,,,*10^,8,*10^8,1*10^8,source_unit*10^8,,,
cm^3_nL,484,,cm^3,体积,cubic centimeter,立方厘米,nL,体积,nanoliter,纳升,,,,,*10^,6,*10^6,1*10^6,source_unit*10^6,,,
mL_nL,485,,mL,体积,milliliter,毫升,nL,体积,nanoliter,纳升,,,,,*10^,6,*10^6,1*10^6,source_unit*10^6,,,
mm^3_nL,486,,mm^3,体积,cubic millimeter,立方毫米,nL,体积,nanoliter,纳升,,,,,*10^,3,*10^3,1*10^3,source_unit*10^3,,,
uL_nL,487,,uL,体积,microliter,微升,nL,体积,nanoliter,纳升,,,,,*10^,3,*10^3,1*10^3,source_unit*10^3,,,
um^3_nL,488,,um^3,体积,cubic micrometer,立方微米,nL,体积,nanoliter,纳升,,,,,*10^,0,*10^0,1*10^0,source_unit*10^0,,,
nL_nL,489,,nL,体积,nanoliter,纳升,nL,体积,nanoliter,纳升,,,,,*10^,0,*10^0,1*10^0,source_unit*10^0,,,
nm*3_nL,490,,nm*3,体积,cubic nanometer,立方纳米,nL,体积,nanoliter,纳升,,,,,*10^,-3,*10^-3,1*10^-3,source_unit*10^-3,,,
m^3_nm*3,491,,m^3,体积,cubic meter,立方米,nm*3,体积,cubic nanometer,立方纳米,,,,,*10^,15,*10^15,1*10^15,source_unit*10^15,,,
L_nm*3,492,,L,体积,liter,升,nm*3,体积,cubic nanometer,立方纳米,,,,,*10^,12,*10^12,1*10^12,source_unit*10^12,,,
dL_nm*3,493,,dL,体积,deciliter,分升,nm*3,体积,cubic nanometer,立方纳米,,,,,*10^,11,*10^11,1*10^11,source_unit*10^11,,,
cm^3_nm*3,494,,cm^3,体积,cubic centimeter,立方厘米,nm*3,体积,cubic nanometer,立方纳米,,,,,*10^,9,*10^9,1*10^9,source_unit*10^9,,,
mL_nm*3,495,,mL,体积,milliliter,毫升,nm*3,体积,cubic nanometer,立方纳米,,,,,*10^,9,*10^9,1*10^9,source_unit*10^9,,,
mm^3_nm*3,496,,mm^3,体积,cubic millimeter,立方毫米,nm*3,体积,cubic nanometer,立方纳米,,,,,*10^,6,*10^6,1*10^6,source_unit*10^6,,,
uL_nm*3,497,,uL,体积,microliter,微升,nm*3,体积,cubic nanometer,立方纳米,,,,,*10^,6,*10^6,1*10^6,source_unit*10^6,,,
um^3_nm*3,498,,um^3,体积,cubic micrometer,立方微米,nm*3,体积,cubic nanometer,立方纳米,,,,,*10^,3,*10^3,1*10^3,source_unit*10^3,,,
nL_nm*3,499,,nL,体积,nanoliter,纳升,nm*3,体积,cubic nanometer,立方纳米,,,,,*10^,3,*10^3,1*10^3,source_unit*10^3,,,
nm*3_nm*3,500,,nm*3,体积,cubic nanometer,立方纳米,nm*3,体积,cubic nanometer,立方纳米,,,,,*10^,0,*10^0,1*10^0,source_unit*10^0,,,
